Question,Answer1,Answer2,DOI,Year,Author,Comments
Is there an MPM in original paper?,yes,,doi:10.1016/j.ecoenv.2012.01.019 ,2012,Bergek,
Organism,fish,,doi:10.1016/j.ecoenv.2012.01.019 ,2012,Bergek,
Do they model an observation process for survival?,no,logistic regression,doi:10.1016/j.ecoenv.2012.01.019 ,2012,Bergek,
Do they model an observation process for fecundity?,no,mean number of larve,doi:10.1016/j.ecoenv.2012.01.019 ,2012,Bergek,
Was uncertainty reported?,yes,mcmc confidence interval for lambda,doi:10.1016/j.ecoenv.2012.01.019 ,2012,Bergek,
"If reported, was the uncertainty complete for all parameters?",no,none for parameters,doi:10.1016/j.ecoenv.2012.01.019 ,2012,Bergek,
Was lambda estimated from matrix? If yes what conclusion,yes,"three populations are around 1, the other is increasing",doi:10.1016/j.ecoenv.2012.01.019 ,2012,Bergek,
Was a sensitivity/elasticity analysis conducted? If yes what was conclusion,yes,larvae and zero age survival is most imporant,doi:10.1016/j.ecoenv.2012.01.019 ,2012,Bergek,
Any other conclusion?,yes,could be negative impacts of contaminants,doi:10.1016/j.ecoenv.2012.01.019 ,2012,Bergek,
Pre or post breeding census,pre,,doi:10.1016/j.ecoenv.2012.01.019 ,2012,Bergek,
Life cycle correctly estimated?,no,,doi:10.1016/j.ecoenv.2012.01.019 ,2012,Bergek,
What is error if one found?,"larvae stage and age = 0, both shorter than 1 year",,doi:10.1016/j.ecoenv.2012.01.019 ,2012,Bergek,
What metric used for fecundity?,number of larvae,,doi:10.1016/j.ecoenv.2012.01.019 ,2012,Bergek,
Sample size,can't tell,,doi:10.1016/j.ecoenv.2012.01.019 ,2012,Bergek,
,,,,,,
Is there an MPM in original paper?,yes,,doi:10.1016/j.jembe.2011.07.018,2011,Mercado-Molina,
Organism,sponge,,doi:10.1016/j.jembe.2011.07.018,2011,Mercado-Molina,
Do they model an observation process for survival?,no,calculated from one year of observation,doi:10.1016/j.jembe.2011.07.018,2011,Mercado-Molina,
Do they model an observation process for fecundity?,no,calculated from one year of observation,doi:10.1016/j.jembe.2011.07.018,2011,Mercado-Molina,
Was uncertainty reported?,yes,bootstrap confidence interval for lambda,doi:10.1016/j.jembe.2011.07.018,2011,Mercado-Molina,
"If reported, was the uncertainty complete for all parameters?",no,none for parameters,doi:10.1016/j.jembe.2011.07.018,2011,Mercado-Molina,
Was lambda estimated from matrix? If yes what conclusion,yes,all decreasing significantly,doi:10.1016/j.jembe.2011.07.018,2011,Mercado-Molina,
Was a sensitivity/elasticity analysis conducted? If yes what was conclusion,yes,surviving and remaining in same size class = most important,doi:10.1016/j.jembe.2011.07.018,2011,Mercado-Molina,
Any other conclusion?,yes,exact elasticities were site dependent,doi:10.1016/j.jembe.2011.07.018,2011,Mercado-Molina,
Pre or post breeding census,can't tell,,doi:10.1016/j.jembe.2011.07.018,2011,Mercado-Molina,
Life cycle correctly estimated?,yes,,doi:10.1016/j.jembe.2011.07.018,2011,Mercado-Molina,
What is error if one found?,NA,should maybe have been IPM as size,doi:10.1016/j.jembe.2011.07.018,2011,Mercado-Molina,
What metric used for fecundity?,recruits,,doi:10.1016/j.jembe.2011.07.018,2011,Mercado-Molina,
Sample size,can't tell,,doi:10.1016/j.jembe.2011.07.018,2011,Mercado-Molina,
,,,,,,
Is there an MPM in original paper?,yes,,http://dx.doi.org/10.1016/j.biocon.2016.09.016,2016,Walker,This study states that some nesting attempts would be missed but did fledge and likely unbalanced missing i.e. biased by habitat and condition
Organism,bird,black-capped vireo,http://dx.doi.org/10.1016/j.biocon.2016.09.016,2016,Walker,Also had two datasets of fecundity and then resightings for survival
Do they model an observation process for survival?,yes,mark recapture analysis,http://dx.doi.org/10.1016/j.biocon.2016.09.016,2016,Walker,popbio
Do they model an observation process for fecundity?,yes,accounted for nest success probability,http://dx.doi.org/10.1016/j.biocon.2016.09.016,2016,Walker,
Was uncertainty reported?,yes,standard error for survival and fecundity,http://dx.doi.org/10.1016/j.biocon.2016.09.016,2016,Walker,
"If reported, was the uncertainty complete for all parameters?",yes,,http://dx.doi.org/10.1016/j.biocon.2016.09.016,2016,Walker,
Was lambda estimated from matrix? If yes what conclusion,no,stochastic growth rate and QEP50,http://dx.doi.org/10.1016/j.biocon.2016.09.016,2016,Walker,deterministic and stochastic growth rates
Was a sensitivity/elasticity analysis conducted? If yes what was conclusion,yes,population decline sites were most sensitive to changes in fecundity and adult survival,http://dx.doi.org/10.1016/j.biocon.2016.09.016,2016,Walker,
Any other conclusion?,yes,sinks had between 4 and 100% chance of extinction in next 50 years,http://dx.doi.org/10.1016/j.biocon.2016.09.016,2016,Walker,
Pre or post breeding census,can't tell,,http://dx.doi.org/10.1016/j.biocon.2016.09.016,2016,Walker,
Life cycle correctly estimated?,NA,,http://dx.doi.org/10.1016/j.biocon.2016.09.016,2016,Walker,
What is error if one found?,NA,,http://dx.doi.org/10.1016/j.biocon.2016.09.016,2016,Walker,
What metric used for fecundity?,mean number of female offspring per adult female calculated from nest survival and assumptions of behaviour,,http://dx.doi.org/10.1016/j.biocon.2016.09.016,2016,Walker,
Sample size,can't tell,but they mention limited sample size,http://dx.doi.org/10.1016/j.biocon.2016.09.016,2016,Walker,
,,,,,,
Is there an MPM in original paper?,yes,,http://dx.doi.org/10.1016/j.biocon.2013.09.005,2013,Cruz,
Organism,bird,,http://dx.doi.org/10.1016/j.biocon.2013.09.005,2013,Cruz,
Do they model an observation process for survival?,yes,"Bayesian CJS model for adult survival, mean survivorship calculated directly for others",http://dx.doi.org/10.1016/j.biocon.2013.09.005,2013,Cruz,open population
Do they model an observation process for fecundity?,no,estimated from 19 clutches and then tested different scenarios of fecundity,http://dx.doi.org/10.1016/j.biocon.2013.09.005,2013,Cruz,
Was uncertainty reported?,yes,credible intervals for adult survival only,http://dx.doi.org/10.1016/j.biocon.2013.09.005,2013,Cruz,
"If reported, was the uncertainty complete for all parameters?",no,fecundity missing,http://dx.doi.org/10.1016/j.biocon.2013.09.005,2013,Cruz,
Was lambda estimated from matrix? If yes what conclusion,yes,declining under all but most optimistic adult survival ,http://dx.doi.org/10.1016/j.biocon.2013.09.005,2013,Cruz,
Was a sensitivity/elasticity analysis conducted? If yes what was conclusion,yes,most sensitive to adult survival. ,http://dx.doi.org/10.1016/j.biocon.2013.09.005,2013,Cruz,
Any other conclusion?,yes,predator control could help population growth but needs high fledging success as well as improvement to adult survival,http://dx.doi.org/10.1016/j.biocon.2013.09.005,2013,Cruz,
Pre or post breeding census,post,,http://dx.doi.org/10.1016/j.biocon.2013.09.005,2013,Cruz,
Life cycle correctly estimated?,yes,,http://dx.doi.org/10.1016/j.biocon.2013.09.005,2013,Cruz,
What is error if one found?,NA,,http://dx.doi.org/10.1016/j.biocon.2013.09.005,2013,Cruz,
What metric used for fecundity?,fledglings,is correct here,http://dx.doi.org/10.1016/j.biocon.2013.09.005,2013,Cruz,
Sample size,243,"for black fronted tern, 161 and 123 for other species",http://dx.doi.org/10.1016/j.biocon.2013.09.005,2013,Cruz,
,,,,,,
Is there an MPM in original paper?,yes,,doi:10.1016/j.biocon.2010.12.027,2011,Rhodes,in fact an integrated population model
Organism,mammal,,doi:10.1016/j.biocon.2010.12.027,2011,Rhodes,really well documented
Do they model an observation process for survival?,no,Bayesian integrated pop model only error in pop count,doi:10.1016/j.biocon.2010.12.027,2011,Rhodes,
Do they model an observation process for fecundity?,no,Bayesian integrated pop model only error in pop count,doi:10.1016/j.biocon.2010.12.027,2011,Rhodes,
Was uncertainty reported?,yes,"seems to be whole distribution for all, but only reported as words and pictures no numbers",doi:10.1016/j.biocon.2010.12.027,2011,Rhodes,
"If reported, was the uncertainty complete for all parameters?",yes,"seems to be whole distribution for all, but only reported as words and pictures no numbers",doi:10.1016/j.biocon.2010.12.027,2011,Rhodes,
Was lambda estimated from matrix? If yes what conclusion,yes,decline of 7.3% per year,doi:10.1016/j.biocon.2010.12.027,2011,Rhodes,
Was a sensitivity/elasticity analysis conducted? If yes what was conclusion,no,,doi:10.1016/j.biocon.2010.12.027,2011,Rhodes,
Any other conclusion?,yes,could reduce declines with mutliple reductions in mortality causes but there is uncertainty,doi:10.1016/j.biocon.2010.12.027,2011,Rhodes,
Pre or post breeding census,post,,doi:10.1016/j.biocon.2010.12.027,2011,Rhodes,
Life cycle correctly estimated?,yes,,doi:10.1016/j.biocon.2010.12.027,2011,Rhodes,
What is error if one found?,NA,,doi:10.1016/j.biocon.2010.12.027,2011,Rhodes,
What metric used for fecundity?,birth rate of young,multiplied by mother survival,doi:10.1016/j.biocon.2010.12.027,2011,Rhodes,
Sample size,220,radio tracking,doi:10.1016/j.biocon.2010.12.027,2011,Rhodes,
,,,,,,
Is there an MPM in original paper?,yes,,http://dx.doi.org/10.1016/j.ecolmodel.2015.12.002 ,2016,Otjacques,"Used popbio package, seems to use primarily bootstrapping"
Organism,fish,roach,http://dx.doi.org/10.1016/j.ecolmodel.2015.12.002 ,2016,Otjacques,
Do they model an observation process for survival?,no,taken from previous work for juveniles and adults and estimated when lambda = 1 for newborns,http://dx.doi.org/10.1016/j.ecolmodel.2015.12.002 ,2016,Otjacques,
Do they model an observation process for fecundity?,no,counted?,http://dx.doi.org/10.1016/j.ecolmodel.2015.12.002 ,2016,Otjacques,
Was uncertainty reported?,yes,bootstrap confidence interval of population size,http://dx.doi.org/10.1016/j.ecolmodel.2015.12.002 ,2016,Otjacques,
"If reported, was the uncertainty complete for all parameters?",no,,http://dx.doi.org/10.1016/j.ecolmodel.2015.12.002 ,2016,Otjacques,
Was lambda estimated from matrix? If yes what conclusion,no,,http://dx.doi.org/10.1016/j.ecolmodel.2015.12.002 ,2016,Otjacques,
Was a sensitivity/elasticity analysis conducted? If yes what was conclusion,yes,survival rates of newborns and juveniles had biggest impact,http://dx.doi.org/10.1016/j.ecolmodel.2015.12.002 ,2016,Otjacques,
Any other conclusion?,yes,looked at bottom up and top down effects. All of these altered survival substantially.,http://dx.doi.org/10.1016/j.ecolmodel.2015.12.002 ,2016,Otjacques,
Pre or post breeding census,post,,http://dx.doi.org/10.1016/j.ecolmodel.2015.12.002 ,2016,Otjacques,
Life cycle correctly estimated?,yes,,http://dx.doi.org/10.1016/j.ecolmodel.2015.12.002 ,2016,Otjacques,
What is error if one found?,NA,,http://dx.doi.org/10.1016/j.ecolmodel.2015.12.002 ,2016,Otjacques,
What metric used for fecundity?,number of females born in a year scaled by there survival ,,http://dx.doi.org/10.1016/j.ecolmodel.2015.12.002 ,2016,Otjacques,
Sample size,can't tell,,http://dx.doi.org/10.1016/j.ecolmodel.2015.12.002 ,2016,Otjacques,
,,,,,,
Is there an MPM in original paper?,yes,,http://dx.doi.org/10.1016/j.ecolmodel.2017.02.001 ,2017,Oli,
Organism,mammal,armadillo,http://dx.doi.org/10.1016/j.ecolmodel.2017.02.001 ,2017,Oli,
Do they model an observation process for survival?,yes,multistate capture-mark-recapture model,http://dx.doi.org/10.1016/j.ecolmodel.2017.02.001 ,2017,Oli,
Do they model an observation process for fecundity?,no,"chose values of newborn survival to trapping age, fixed litter size of 4 due to biological constraints",http://dx.doi.org/10.1016/j.ecolmodel.2017.02.001 ,2017,Oli,
Was uncertainty reported?,yes,standard errors for survival and population growth rate and propagated used delta method,http://dx.doi.org/10.1016/j.ecolmodel.2017.02.001 ,2017,Oli,
"If reported, was the uncertainty complete for all parameters?",no,not fecundity as mechanistic,http://dx.doi.org/10.1016/j.ecolmodel.2017.02.001 ,2017,Oli,
Was lambda estimated from matrix? If yes what conclusion,yes,always below 1,http://dx.doi.org/10.1016/j.ecolmodel.2017.02.001 ,2017,Oli,
Was a sensitivity/elasticity analysis conducted? If yes what was conclusion,yes,survival of non-leprous adults was more influential,http://dx.doi.org/10.1016/j.ecolmodel.2017.02.001 ,2017,Oli,
Any other conclusion?,yes,survival to trapping age is important for stage dynamics,http://dx.doi.org/10.1016/j.ecolmodel.2017.02.001 ,2017,Oli,
Pre or post breeding census,pre,,http://dx.doi.org/10.1016/j.ecolmodel.2017.02.001 ,2017,Oli,
Life cycle correctly estimated?,yes,,http://dx.doi.org/10.1016/j.ecolmodel.2017.02.001 ,2017,Oli,
What is error if one found?,NA,,http://dx.doi.org/10.1016/j.ecolmodel.2017.02.001 ,2017,Oli,
What metric used for fecundity?,half of litter size multiplied by probability of reproductive/non reproductive adult surviving and reproducing and newborn survival to trapping age,,http://dx.doi.org/10.1016/j.ecolmodel.2017.02.001 ,2017,Oli,
Sample size,640,297 female 343 males,http://dx.doi.org/10.1016/j.ecolmodel.2017.02.001 ,2017,Oli,
,,,,,,
Is there an MPM in original paper?,yes,,http://dx.doi.org/10.1016/j.ecolmodel.2017.07.023 ,2017,Maestri,
Organism,bird,macaw,http://dx.doi.org/10.1016/j.ecolmodel.2017.07.023 ,2017,Maestri,
Do they model an observation process for survival?,no,taken from another paper (Strem 2008),http://dx.doi.org/10.1016/j.ecolmodel.2017.07.023 ,2017,Maestri,
Do they model an observation process for fecundity?,no,calculated as a proportion from data,http://dx.doi.org/10.1016/j.ecolmodel.2017.07.023 ,2017,Maestri,
Was uncertainty reported?,no,,http://dx.doi.org/10.1016/j.ecolmodel.2017.07.023 ,2017,Maestri,
"If reported, was the uncertainty complete for all parameters?",NA,,http://dx.doi.org/10.1016/j.ecolmodel.2017.07.023 ,2017,Maestri,
Was lambda estimated from matrix? If yes what conclusion,no,,http://dx.doi.org/10.1016/j.ecolmodel.2017.07.023 ,2017,Maestri,
Was a sensitivity/elasticity analysis conducted? If yes what was conclusion,yes,survival probability of adults is most influential then changes in fertility,http://dx.doi.org/10.1016/j.ecolmodel.2017.07.023 ,2017,Maestri,
Any other conclusion?,yes,management to increase population would take 33 to 215 years without reintroduction and 7 to 46 with,http://dx.doi.org/10.1016/j.ecolmodel.2017.07.023 ,2017,Maestri,
Pre or post breeding census,post,,http://dx.doi.org/10.1016/j.ecolmodel.2017.07.023 ,2017,Maestri,
Life cycle correctly estimated?,no,,http://dx.doi.org/10.1016/j.ecolmodel.2017.07.023 ,2017,Maestri,
What is error if one found?,maybe incorrect stage lengths i.e. four years,,http://dx.doi.org/10.1016/j.ecolmodel.2017.07.023 ,2017,Maestri,
What metric used for fecundity?,number of hatched eggs per female multiplied by their survival from hatch to next time interval,,http://dx.doi.org/10.1016/j.ecolmodel.2017.07.023 ,2017,Maestri,
Sample size,525,across 8 years approx 65 per year,http://dx.doi.org/10.1016/j.ecolmodel.2017.07.023 ,2017,Maestri,
,,,,,,
Is there an MPM in original paper?,yes,,10.1016/j.baae.2010.11.004,2010,Sergio,
Organism,bird,black kite,10.1016/j.baae.2010.11.004,2010,Sergio,
Do they model an observation process for survival?,yes,modelled recapture too M-SURGE,10.1016/j.baae.2010.11.004,2010,Sergio,
Do they model an observation process for fecundity?,no,Poisson GLM,10.1016/j.baae.2010.11.004,2010,Sergio,
Was uncertainty reported?,yes,"variance in parameters, confidence interval and then did simulate stochastic lambda based on estimated distribution of the parameter",10.1016/j.baae.2010.11.004,2010,Sergio,
"If reported, was the uncertainty complete for all parameters?",yes,,10.1016/j.baae.2010.11.004,2010,Sergio,
Was lambda estimated from matrix? If yes what conclusion,yes,"deterministic and stochastic lambda, both indicated stability",10.1016/j.baae.2010.11.004,2010,Sergio,
Was a sensitivity/elasticity analysis conducted? If yes what was conclusion,yes,importance of survival decreased with age,10.1016/j.baae.2010.11.004,2010,Sergio,
Any other conclusion?,no,,10.1016/j.baae.2010.11.004,2010,Sergio,
Pre or post breeding census,pre,,10.1016/j.baae.2010.11.004,2010,Sergio,
Life cycle correctly estimated?,yes,,10.1016/j.baae.2010.11.004,2010,Sergio,
What is error if one found?,NA,,10.1016/j.baae.2010.11.004,2010,Sergio,
What metric used for fecundity?,half fledged young per breeding attempt to represent female offspring that make it to 1 year,,10.1016/j.baae.2010.11.004,2010,Sergio,I think they could have done better given they have resighting data
Sample size,4581,number of individuals,10.1016/j.baae.2010.11.004,2010,Sergio,
,,,,,,
Is there an MPM in original paper?,yes,,http://dx.doi.org/10.1016/j.envsoft.2016.02.009,2016,Stratford,Includes density dependence through recruitment
Organism,fish,"perch, cod, carp",http://dx.doi.org/10.1016/j.envsoft.2016.02.009,2016,Stratford,"Mentions uncertainty a lot, doesn't necessarily put numbers on it"
Do they model an observation process for survival?,can't tell,used estimates from another paper,http://dx.doi.org/10.1016/j.envsoft.2016.02.009,2016,Stratford,Use popbio
Do they model an observation process for fecundity?,can't tell,used estimates from another paper,http://dx.doi.org/10.1016/j.envsoft.2016.02.009,2016,Stratford,
Was uncertainty reported?,yes,standard deviation of estimate so individual variability? looked at stochastic projections from a range of parameter values,http://dx.doi.org/10.1016/j.envsoft.2016.02.009,2016,Stratford,
"If reported, was the uncertainty complete for all parameters?",can't tell,,http://dx.doi.org/10.1016/j.envsoft.2016.02.009,2016,Stratford,
Was lambda estimated from matrix? If yes what conclusion,no,,http://dx.doi.org/10.1016/j.envsoft.2016.02.009,2016,Stratford,
Was a sensitivity/elasticity analysis conducted? If yes what was conclusion,yes,temperature was most important for determining a good or bad year,http://dx.doi.org/10.1016/j.envsoft.2016.02.009,2016,Stratford,
Any other conclusion?,no,,http://dx.doi.org/10.1016/j.envsoft.2016.02.009,2016,Stratford,
Pre or post breeding census,pre,,http://dx.doi.org/10.1016/j.envsoft.2016.02.009,2016,Stratford,
Life cycle correctly estimated?,yes,,http://dx.doi.org/10.1016/j.envsoft.2016.02.009,2016,Stratford,
What is error if one found?,NA,,http://dx.doi.org/10.1016/j.envsoft.2016.02.009,2016,Stratford,
What metric used for fecundity?,"maximum fecundity from literature, num eggs inc egg survival, larval survival and juvenile survival to first trapping",,http://dx.doi.org/10.1016/j.envsoft.2016.02.009,2016,Stratford,
Sample size,NA,from literature,http://dx.doi.org/10.1016/j.envsoft.2016.02.009,2016,Stratford,
,,,,,,
Is there an MPM in original paper?,yes,,10.1007/978-1-4939-0697-0_15,2014,Lizcano,popbio
Organism,Mammal,Wholly monkey,10.1007/978-1-4939-0697-0_15,2014,Lizcano,
Do they model an observation process for survival?,no,Wood's quadratic programming method,10.1007/978-1-4939-0697-0_15,2014,Lizcano,
Do they model an observation process for fecundity?,no,Wood's quadratic programming method,10.1007/978-1-4939-0697-0_15,2014,Lizcano,
Was uncertainty reported?,no,,10.1007/978-1-4939-0697-0_15,2014,Lizcano,
"If reported, was the uncertainty complete for all parameters?",NA,,10.1007/978-1-4939-0697-0_15,2014,Lizcano,
Was lambda estimated from matrix? If yes what conclusion,yes,"stability, just",10.1007/978-1-4939-0697-0_15,2014,Lizcano,
Was a sensitivity/elasticity analysis conducted? If yes what was conclusion,yes,adult female survival has highest impact,10.1007/978-1-4939-0697-0_15,2014,Lizcano,
Any other conclusion?,state space pop viability analysis,population increases,10.1007/978-1-4939-0697-0_15,2014,Lizcano,
Pre or post breeding census,post,,10.1007/978-1-4939-0697-0_15,2014,Lizcano,
Life cycle correctly estimated?,no,,10.1007/978-1-4939-0697-0_15,2014,Lizcano,
What is error if one found?,should not be able to stay as infant for multiple time steps,,10.1007/978-1-4939-0697-0_15,2014,Lizcano,
What metric used for fecundity?,can't tell,,10.1007/978-1-4939-0697-0_15,2014,Lizcano,
Sample size ,can't tell,not reported,10.1007/978-1-4939-0697-0_15,2014,Lizcano,
,,,,,,
Is there an MPM in original paper?,yes,,10.1186/1472-6785-12-9,2012,Wilson,
Organism,birds,ptarmigan,10.1186/1472-6785-12-9,2012,Wilson,
Do they model an observation process for survival?,yes,"Program MARK, but juvenile survival calculated during chick stage",10.1186/1472-6785-12-9,2012,Wilson,
Do they model an observation process for fecundity?,,,10.1186/1472-6785-12-9,2012,Wilson,
Was uncertainty reported?,yes,standard errors and used a range for juvenile survival,10.1186/1472-6785-12-9,2012,Wilson,
"If reported, was the uncertainty complete for all parameters?",no,"not SY female or juvenile survival, no uncertainty in predictions",10.1186/1472-6785-12-9,2012,Wilson,
Was lambda estimated from matrix? If yes what conclusion,yes,close to 1 but just declining for white-tailed ptarmigan,10.1186/1472-6785-12-9,2012,Wilson,
Was a sensitivity/elasticity analysis conducted? If yes what was conclusion,yes,juvenile and adult survival were most important in both species,10.1186/1472-6785-12-9,2012,Wilson,
Any other conclusion?,yes,lambda declined with declining juvenile survival,10.1186/1472-6785-12-9,2012,Wilson,
Pre or post breeding census,pre,,10.1186/1472-6785-12-9,2012,Wilson,
Life cycle correctly estimated?,yes,,10.1186/1472-6785-12-9,2012,Wilson,
What is error if one found?,NA,,10.1186/1472-6785-12-9,2012,Wilson,
What metric used for fecundity?,number of female young hatched times survival from hatch to trapping,,10.1186/1472-6785-12-9,2012,Wilson,
Sample size,117,number of records over 5 years,10.1186/1472-6785-12-9,2012,Wilson,
,,,,,,
Is there an MPM in original paper?,yes,,10.5253/078.100.0208,2012,Bijlsma,
Organism,bird,honey buzzard,10.5253/078.100.0208,2012,Bijlsma,
Do they model an observation process for survival?,yes,seber recovery model,10.5253/078.100.0208,2012,Bijlsma,
Do they model an observation process for fecundity?,no,average,10.5253/078.100.0208,2012,Bijlsma,
Was uncertainty reported?,yes,"standard error for survival, bootstrapped reproduction - fed into lambda",10.5253/078.100.0208,2012,Bijlsma,
"If reported, was the uncertainty complete for all parameters?",yes,but not propagated for survival,10.5253/078.100.0208,2012,Bijlsma,
Was lambda estimated from matrix? If yes what conclusion,yes,population decline,10.5253/078.100.0208,2012,Bijlsma,
Was a sensitivity/elasticity analysis conducted? If yes what was conclusion,yes,adult survival was most important,10.5253/078.100.0208,2012,Bijlsma,
Any other conclusion?,yes,also had stochastic model - also declined,10.5253/078.100.0208,2012,Bijlsma,
Pre or post breeding census,pre,,10.5253/078.100.0208,2012,Bijlsma,
Life cycle correctly estimated?,no,,10.5253/078.100.0208,2012,Bijlsma,
What is error if one found?,no survival in fecundity,,10.5253/078.100.0208,2012,Bijlsma,
What metric used for fecundity?,average number of young per pair,,10.5253/078.100.0208,2012,Bijlsma,
Sample size,6895,,10.5253/078.100.0208,2012,Bijlsma,
,,,,,,
Is there an MPM in original paper?,yes,,10.1656/058.013.s505,2014,Rigby,were hindered in survival estimates by a previous study failing to report sample size
Organism,bird,mottled ducks,10.1656/058.013.s505,2014,Rigby,example of propagation
Do they model an observation process for survival?,yes,program MARK,10.1656/058.013.s505,2014,Rigby,
Do they model an observation process for fecundity?,no,from literature,10.1656/058.013.s505,2014,Rigby,
Was uncertainty reported?,yes,process variance or standard error AND PROPAGATED,10.1656/058.013.s505,2014,Rigby,
"If reported, was the uncertainty complete for all parameters?",yes,,10.1656/058.013.s505,2014,Rigby,
Was lambda estimated from matrix? If yes what conclusion,yes,low 0.541 se 0.070,10.1656/058.013.s505,2014,Rigby,
Was a sensitivity/elasticity analysis conducted? If yes what was conclusion,yes,fecundity was most important,10.1656/058.013.s505,2014,Rigby,
Any other conclusion?,yes,nest success and breeding incidence most important,10.1656/058.013.s505,2014,Rigby,
Pre or post breeding census,pre,,10.1656/058.013.s505,2014,Rigby,
Life cycle correctly estimated?,yes,,10.1656/058.013.s505,2014,Rigby,
What is error if one found?,NA,,10.1656/058.013.s505,2014,Rigby,
What metric used for fecundity?,"half of breeding incidence times clutch size, times hatchability, times nest success, time renesting effort, times duckling survival, times juvenile survival",,10.1656/058.013.s505,2014,Rigby,
Sample size,NA,from literature,10.1656/058.013.s505,2014,Rigby,
,,,,,,
Is there an MPM in original paper?,yes,,10.1676/12-154.1,2013,Bulluck,PopTools
Organism,bird,golden-winged warbler,10.1676/12-154.1,2013,Bulluck,
Do they model an observation process for survival?,yes,CJS model,10.1676/12-154.1,2013,Bulluck,note their fecundity might be too high
Do they model an observation process for fecundity?,no,mean,10.1676/12-154.1,2013,Bulluck,
Was uncertainty reported?,yes,standard errors,10.1676/12-154.1,2013,Bulluck,
"If reported, was the uncertainty complete for all parameters?",no,not for fecundity,10.1676/12-154.1,2013,Bulluck,
Was lambda estimated from matrix? If yes what conclusion,yes,"declining, no uncertainty",10.1676/12-154.1,2013,Bulluck,
Was a sensitivity/elasticity analysis conducted? If yes what was conclusion,yes,after second year survival was most important,10.1676/12-154.1,2013,Bulluck,
Any other conclusion?,yes,lack of significant differences in demographic rates between two populations,10.1676/12-154.1,2013,Bulluck,
Pre or post breeding census,post,,10.1676/12-154.1,2013,Bulluck,
Life cycle correctly estimated?,yes,,10.1676/12-154.1,2013,Bulluck,
What is error if one found?,NA,,10.1676/12-154.1,2013,Bulluck,
What metric used for fecundity?,mean number of fledged times sex ratio times renesting attempt,survival from fledge to breeding was half that of adult survival. multiplied by breeding female survival for matrix,10.1676/12-154.1,2013,Bulluck,
Sample size,102,"for Tennessee, 86 for Ontario (number of nests)",10.1676/12-154.1,2013,Bulluck,
,,,,,,
Is there an MPM in original paper?,yes,,10.1002/aqc.2243,2012,Foster,great propagation using whole error distribution
Organism,fish,silver stardrum,10.1002/aqc.2243,2012,Foster,
Do they model an observation process for survival?,can't tell,catch curve analysis,10.1002/aqc.2243,2012,Foster,
Do they model an observation process for fecundity?,no,,10.1002/aqc.2243,2012,Foster,
Was uncertainty reported?,yes,and propagated and looked at model structure uncertainty through sensitivity analysis,10.1002/aqc.2243,2012,Foster,
"If reported, was the uncertainty complete for all parameters?",yes,,10.1002/aqc.2243,2012,Foster,
Was lambda estimated from matrix? If yes what conclusion,yes,just over 1,10.1002/aqc.2243,2012,Foster,
Was a sensitivity/elasticity analysis conducted? If yes what was conclusion,yes,juvenile survival was most influential BUT indicated the sensitivity of elasticity values to variations in vital rates,10.1002/aqc.2243,2012,Foster,GOOD EXAMPLE FOR ELASTICITY AND UNCERTAINTY
Any other conclusion?,yes,"model structure impacted lambda, when contribution of all age classes to fecundity was same - changed trajectory",10.1002/aqc.2243,2012,Foster,
Pre or post breeding census,pre,,10.1002/aqc.2243,2012,Foster,
Life cycle correctly estimated?,yes,,10.1002/aqc.2243,2012,Foster,
What is error if one found?,NA,,10.1002/aqc.2243,2012,Foster,
What metric used for fecundity?,eggs X newborn survival to recruitment,measured number of age 0 females,10.1002/aqc.2243,2012,Foster,
Sample size,5634,max individuals,10.1002/aqc.2243,2012,Foster,
,,,,,,
Is there an MPM in original paper?,yes,,10.1111/acv.12054,2012,Monadjem,popbio
Organism,bird,cape vulture,10.1111/acv.12054,2012,Monadjem,
Do they model an observation process for survival?,yes,live encounter dead recovery in program MARK,10.1111/acv.12054,2012,Monadjem,
Do they model an observation process for fecundity?,no,mean from literature,10.1111/acv.12054,2012,Monadjem,
Was uncertainty reported?,yes,SE for survival and propagated,10.1111/acv.12054,2012,Monadjem,
"If reported, was the uncertainty complete for all parameters?",no,,10.1111/acv.12054,2012,Monadjem,
Was lambda estimated from matrix? If yes what conclusion,yes,"wild birds have exponential growth, rehabilitated decline and 5050 stable",10.1111/acv.12054,2012,Monadjem,
Was a sensitivity/elasticity analysis conducted? If yes what was conclusion,yes,survival of adult stage is most important,10.1111/acv.12054,2012,Monadjem,
Any other conclusion?,no,,10.1111/acv.12054,2012,Monadjem,
Pre or post breeding census,post,,10.1111/acv.12054,2012,Monadjem,
Life cycle correctly estimated?,yes,,10.1111/acv.12054,2012,Monadjem,
What is error if one found?,NA,,10.1111/acv.12054,2012,Monadjem,
What metric used for fecundity?,fledglings X adult survival,,10.1111/acv.12054,2012,Monadjem,
Sample size,405,total individuals,10.1111/acv.12054,2012,Monadjem,
,,,,,,
Is there an MPM in original paper?,yes,,10.1155/2011/870853,2011,Seignobosc,Rmark
Organism,mammal,otter,10.1155/2011/870853,2011,Seignobosc,
Do they model an observation process for survival?,yes,Burnham model,10.1155/2011/870853,2011,Seignobosc,
Do they model an observation process for fecundity?,no,total number new offspring/total number breeding females,10.1155/2011/870853,2011,Seignobosc,
Was uncertainty reported?,yes,"lambda, SE for parameters",10.1155/2011/870853,2011,Seignobosc,
"If reported, was the uncertainty complete for all parameters?",yes,,10.1155/2011/870853,2011,Seignobosc,
Was lambda estimated from matrix? If yes what conclusion,yes,stable,10.1155/2011/870853,2011,Seignobosc,
Was a sensitivity/elasticity analysis conducted? If yes what was conclusion,yes,adult female survival is most important,10.1155/2011/870853,2011,Seignobosc,
Any other conclusion?,yes,female survival could decrease if all else held at current,10.1155/2011/870853,2011,Seignobosc,
Pre or post breeding census,birth flow,,10.1155/2011/870853,2011,Seignobosc,
Life cycle correctly estimated?,yes,,10.1155/2011/870853,2011,Seignobosc,
What is error if one found?,NA,,10.1155/2011/870853,2011,Seignobosc,
What metric used for fecundity?,total number new offspring/total number breeding females,,10.1155/2011/870853,2011,Seignobosc,
Sample size,81,number of individuals,10.1155/2011/870853,2011,Seignobosc,
,,,,,,
Is there an MPM in original paper?,yes,,10.1155/2015/987060,2015,Sabat,
Organism,coral,sea fan,10.1155/2015/987060,2015,Sabat,
Do they model an observation process for survival?,no,estimated from small sample,10.1155/2015/987060,2015,Sabat,
Do they model an observation process for fecundity?,no,estimated from small sample,10.1155/2015/987060,2015,Sabat,
Was uncertainty reported?,no,,10.1155/2015/987060,2015,Sabat,
"If reported, was the uncertainty complete for all parameters?",NA,,10.1155/2015/987060,2015,Sabat,
Was lambda estimated from matrix? If yes what conclusion,yes,for disease incidence < 0.12 population increases but after that it declines,10.1155/2015/987060,2015,Sabat,
Was a sensitivity/elasticity analysis conducted? If yes what was conclusion,yes,survivorship has strongest effect on lambda,10.1155/2015/987060,2015,Sabat,
Any other conclusion?,yes,low recruitment increases importance of survival for lambda,10.1155/2015/987060,2015,Sabat,
Pre or post breeding census,birth flow,,10.1155/2015/987060,2015,Sabat,
Life cycle correctly estimated?,yes,should maybe have used IPM as size based,10.1155/2015/987060,2015,Sabat,
What is error if one found?,NA,,10.1155/2015/987060,2015,Sabat,
What metric used for fecundity?,new gorgonians as a function of adult abundance,,10.1155/2015/987060,2015,Sabat,
Sample size,92,individuals used in survival estimate,10.1155/2015/987060,2015,Sabat,
,,,,,,
Is there an MPM in original paper?,yes,,10.1111/j.1469-1795.2010.00434.x,2010,Brodie,
Organism,mammal,black rhino,10.1111/j.1469-1795.2010.00434.x,2010,Brodie,
Do they model an observation process for survival?,yes,multi-state mark-recapture model,10.1111/j.1469-1795.2010.00434.x,2010,Brodie,
Do they model an observation process for fecundity?,yes,multi-state mark-recapture model,10.1111/j.1469-1795.2010.00434.x,2010,Brodie,
Was uncertainty reported?,yes,"consider model structure uncertainty, also uncertainty in lambda with mcmc ci",10.1111/j.1469-1795.2010.00434.x,2010,Brodie,
"If reported, was the uncertainty complete for all parameters?",yes,stable (just) under single sez or large harem size,10.1111/j.1469-1795.2010.00434.x,2010,Brodie,
Was lambda estimated from matrix? If yes what conclusion,yes,,10.1111/j.1469-1795.2010.00434.x,2010,Brodie,
Was a sensitivity/elasticity analysis conducted? If yes what was conclusion,yes,survival of adult females = highest elasticity,10.1111/j.1469-1795.2010.00434.x,2010,Brodie,
Any other conclusion?,no,,10.1111/j.1469-1795.2010.00434.x,2010,Brodie,
Pre or post breeding census,post,,10.1111/j.1469-1795.2010.00434.x,2010,Brodie,
Life cycle correctly estimated?,yes,,10.1111/j.1469-1795.2010.00434.x,2010,Brodie,
What is error if one found?,NA,,10.1111/j.1469-1795.2010.00434.x,2010,Brodie,
What metric used for fecundity?,number of neonate calfs ,same as est of transition from adult female to mother,10.1111/j.1469-1795.2010.00434.x,2010,Brodie,
Sample size,5000,individual sightings,10.1111/j.1469-1795.2010.00434.x,2010,Brodie,
,,,,,,
Is there an MPM in original paper?,yes,,10.1643/CE-14-191,2015,Páez,program MARK
Organism,reptile,magdalena river turtle,10.1643/CE-14-191,2015,Páez,
Do they model an observation process for survival?,yes,Pradel model/ capture mark recapture,10.1643/CE-14-191,2015,Páez,
Do they model an observation process for fecundity?,yes,mean,10.1643/CE-14-191,2015,Páez,
Was uncertainty reported?,yes,sampled from distributions of vital rates for projection - mcmc ci in poptools,10.1643/CE-14-191,2015,Páez,
"If reported, was the uncertainty complete for all parameters?",no,was not reported for fecundity,10.1643/CE-14-191,2015,Páez,
Was lambda estimated from matrix? If yes what conclusion,yes,declining,10.1643/CE-14-191,2015,Páez,
Was a sensitivity/elasticity analysis conducted? If yes what was conclusion,yes,survival of adults and progression transitions were most important,10.1643/CE-14-191,2015,Páez,
Any other conclusion?,,,10.1643/CE-14-191,2015,Páez,
Pre or post breeding census,post,,10.1643/CE-14-191,2015,Páez,
Life cycle correctly estimated?,yes,,10.1643/CE-14-191,2015,Páez,
What is error if one found?,NA,,10.1643/CE-14-191,2015,Páez,
What metric used for fecundity?,average number of female hatchlings per average reproductive female,includes adult survival,10.1643/CE-14-191,2015,Páez,
Sample size,709,total individuals,10.1643/CE-14-191,2015,Páez,
,,,,,,
Is there an MPM in original paper?,yes,but part of integrated population model,10.1890/15-0317.1,2016,Bjørkvoll,see Lee et al 2015
Organism,mammal,reindeer,10.1890/15-0317.1,2016,Bjørkvoll,
Do they model an observation process for survival?,yes,integrated population model,10.1890/15-0317.1,2016,Bjørkvoll,
Do they model an observation process for fecundity?,no,state=dead/alive not observed/not,10.1890/15-0317.1,2016,Bjørkvoll,
Was uncertainty reported?,yes,,10.1890/15-0317.1,2016,Bjørkvoll,
"If reported, was the uncertainty complete for all parameters?",yes,and propagated,10.1890/15-0317.1,2016,Bjørkvoll,
Was lambda estimated from matrix? If yes what conclusion,NA,,10.1890/15-0317.1,2016,Bjørkvoll,nice example of how to combine uncertainty and elasticity
Was a sensitivity/elasticity analysis conducted? If yes what was conclusion,yes,"survival of calves, yearlings, and two year olds most important",10.1890/15-0317.1,2016,Bjørkvoll,
Any other conclusion?,yes,elasticity changes with variance of parameter but most important had lowest variance,10.1890/15-0317.1,2016,Bjørkvoll,
Pre or post breeding census,post,,10.1890/15-0317.1,2016,Bjørkvoll,
Life cycle correctly estimated?,can't tell,,10.1890/15-0317.1,2016,Bjørkvoll,
What is error if one found?,NA,,10.1890/15-0317.1,2016,Bjørkvoll,
What metric used for fecundity?,can't tell,,10.1890/15-0317.1,2016,Bjørkvoll,
Sample size,512,individuals in CMR model,10.1890/15-0317.1,2016,Bjørkvoll,
,,,,,,
Is there an MPM in original paper?,yes,metapopulation MPM,10.1890/11-0488.1,2011,Carson,
Organism,bivalve,mytilid mussel,10.1890/11-0488.1,2011,Carson,
Do they model an observation process for survival?,no,estimated from experiment,10.1890/11-0488.1,2011,Carson,
Do they model an observation process for fecundity?,no,mean recruits/m2 divided by mean adults/m2,10.1890/11-0488.1,2011,Carson,
Was uncertainty reported?,yes,bootstrapped elasticity using life stage simulation analysis,10.1890/11-0488.1,2011,Carson,
"If reported, was the uncertainty complete for all parameters?",no,,10.1890/11-0488.1,2011,Carson,
Was lambda estimated from matrix? If yes what conclusion,yes,but not of main importance,10.1890/11-0488.1,2011,Carson,
Was a sensitivity/elasticity analysis conducted? If yes what was conclusion,yes,highest importance was fecundity in fall season,10.1890/11-0488.1,2011,Carson,
Any other conclusion?,yes,need connectivity to persist,10.1890/11-0488.1,2011,Carson,
Pre or post breeding census,birth flow,,10.1890/11-0488.1,2011,Carson,
Life cycle correctly estimated?,yes,,10.1890/11-0488.1,2011,Carson,
What is error if one found?,NA,,10.1890/11-0488.1,2011,Carson,
What metric used for fecundity?,number of recruits,times survival of adult to mid point of time step and survival of recruits to end time step,10.1890/11-0488.1,2011,Carson,
Sample size,1096,total marked or collected individuals,10.1890/11-0488.1,2011,Carson,
,,,,,,
Is there an MPM in original paper?,yes,,10.1002/eap.1664,2018,Ali,survival package in R
Organism,mammal ,hirola antelope,10.1002/eap.1664,2018,Ali,popbio 
Do they model an observation process for survival?,no,survival package R - mean cumulative survival rate,10.1002/eap.1664,2018,Ali,
Do they model an observation process for fecundity?,no,popbio direct estimate,10.1002/eap.1664,2018,Ali,
Was uncertainty reported?,yes,standard errors from model averaging,10.1002/eap.1664,2018,Ali,
"If reported, was the uncertainty complete for all parameters?",yes,standard errors from model averaging,10.1002/eap.1664,2018,Ali,
Was lambda estimated from matrix? If yes what conclusion,yes,"two populations declining, one stable/just increasing",10.1002/eap.1664,2018,Ali,
Was a sensitivity/elasticity analysis conducted? If yes what was conclusion,yes,fecundity and calf survival were most important,10.1002/eap.1664,2018,Ali,
Any other conclusion?,yes,adult survival contributed most to differences between populations,10.1002/eap.1664,2018,Ali,
Pre or post breeding census,post,,10.1002/eap.1664,2018,Ali,
Life cycle correctly estimated?,yes,,10.1002/eap.1664,2018,Ali,
What is error if one found?,NA,,10.1002/eap.1664,2018,Ali,
What metric used for fecundity?,female calves born within study year,,10.1002/eap.1664,2018,Ali,
Sample size,95,total individuals across 3 settings,10.1002/eap.1664,2018,Ali,
,,,,,,
Is there an MPM in original paper?,yes,within integrated population model,10.1002/ece3.1290,2014,Davis,
Organism,bird,Gunnison sage-grouse,10.1002/ece3.1290,2014,Davis,
Do they model an observation process for survival?,yes,censoring and known fate type model,10.1002/ece3.1290,2014,Davis,
Do they model an observation process for fecundity?,yes,censoring and known fate type model,10.1002/ece3.1290,2014,Davis,
Was uncertainty reported?,yes,covariance of vital rates in years without data,10.1002/ece3.1290,2014,Davis,
"If reported, was the uncertainty complete for all parameters?",yes,standard errors but even include process variance,10.1002/ece3.1290,2014,Davis,
Was lambda estimated from matrix? If yes what conclusion,yes,slight decline,10.1002/ece3.1290,2014,Davis,
Was a sensitivity/elasticity analysis conducted? If yes what was conclusion,no,,10.1002/ece3.1290,2014,Davis,
Any other conclusion?,yes,proposing this as a method to overcome small sample sizes,10.1002/ece3.1290,2014,Davis,
Pre or post breeding census,pre,,10.1002/ece3.1290,2014,Davis,
Life cycle correctly estimated?,yes,,10.1002/ece3.1290,2014,Davis,
What is error if one found?,NA,,10.1002/ece3.1290,2014,Davis,
What metric used for fecundity?,nest initiation rate times probability of successful nest time average clutch size times juvenile recruitment,,10.1002/ece3.1290,2014,Davis,
Sample size,328,"chicks marked from ~135 nests, 217 birds caught for survival",10.1002/ece3.1290,2014,Davis,
,,,,,,
Is there an MPM in original paper?,yes,,10.1002/ecs2.1666,2016,Hinke,program MARK
Organism,bird,adélie penguin,10.1002/ecs2.1666,2016,Hinke,had to correct survival as was bias lower maybe due to band loss
Do they model an observation process for survival?,yes,multi-state mark recapture,10.1002/ecs2.1666,2016,Hinke,
Do they model an observation process for fecundity?,no,average,10.1002/ecs2.1666,2016,Hinke,
Was uncertainty reported?,yes,seem to focus on stochastic uncertainty in future conditions,10.1002/ecs2.1666,2016,Hinke,
"If reported, was the uncertainty complete for all parameters?",no,was reported for breeding success but not survival,10.1002/ecs2.1666,2016,Hinke,
Was lambda estimated from matrix? If yes what conclusion,no,yearly population change from simulation,10.1002/ecs2.1666,2016,Hinke,
Was a sensitivity/elasticity analysis conducted? If yes what was conclusion,no,,10.1002/ecs2.1666,2016,Hinke,
Any other conclusion?,yes,declines in future,10.1002/ecs2.1666,2016,Hinke,
Pre or post breeding census,post,,10.1002/ecs2.1666,2016,Hinke,
Life cycle correctly estimated?,yes,,10.1002/ecs2.1666,2016,Hinke,
What is error if one found?,NA,,10.1002/ecs2.1666,2016,Hinke,
What metric used for fecundity?,number of chicks crèched ,,10.1002/ecs2.1666,2016,Hinke,
Sample size,296,birds that bred multiple times,10.1002/ecs2.1666,2016,Hinke,
,,,,,,
Is there an MPM in original paper?,yes,,10.1111/j.1558-5646.2011.01366.x,2011,Gamelon,used E-SURGE
Organism,mammal,wild boar,10.1111/j.1558-5646.2011.01366.x,2011,Gamelon,
Do they model an observation process for survival?,yes,multi-state capture-recapture model,10.1111/j.1558-5646.2011.01366.x,2011,Gamelon,
Do they model an observation process for fecundity?,no,includes an element of expert opinion,10.1111/j.1558-5646.2011.01366.x,2011,Gamelon,
Was uncertainty reported?,yes,standard error for survival,10.1111/j.1558-5646.2011.01366.x,2011,Gamelon,
"If reported, was the uncertainty complete for all parameters?",no,not for recruitment,10.1111/j.1558-5646.2011.01366.x,2011,Gamelon,
Was lambda estimated from matrix? If yes what conclusion,yes,increasing population,10.1111/j.1558-5646.2011.01366.x,2011,Gamelon,
Was a sensitivity/elasticity analysis conducted? If yes what was conclusion,yes,survival of juveniles had highest influence,10.1111/j.1558-5646.2011.01366.x,2011,Gamelon,
Any other conclusion?,yes,large component on selection,10.1111/j.1558-5646.2011.01366.x,2011,Gamelon,
Pre or post breeding census,pre,,10.1111/j.1558-5646.2011.01366.x,2011,Gamelon,
Life cycle correctly estimated?,yes,,10.1111/j.1558-5646.2011.01366.x,2011,Gamelon,
What is error if one found?,NA,,10.1111/j.1558-5646.2011.01366.x,2011,Gamelon,
What metric used for fecundity?,mean number of piglets produced,,10.1111/j.1558-5646.2011.01366.x,2011,Gamelon,
Sample size,1890,"number of juveniles marked, 238 recaptured, 1204 recovered",10.1111/j.1558-5646.2011.01366.x,2011,Gamelon,
,,,,,,
Is there an MPM in original paper?,yes,,10.1111/evo.12952,2016,Kvalnes,
Organism,mammal,moose,10.1111/evo.12952,2016,Kvalnes,
Do they model an observation process for survival?,no,estimated mean,10.1111/evo.12952,2016,Kvalnes,
Do they model an observation process for fecundity?,no,estimated mean,10.1111/evo.12952,2016,Kvalnes,
Was uncertainty reported?,yes,standard errors,10.1111/evo.12952,2016,Kvalnes,
"If reported, was the uncertainty complete for all parameters?",yes,,10.1111/evo.12952,2016,Kvalnes,
Was lambda estimated from matrix? If yes what conclusion,no,,10.1111/evo.12952,2016,Kvalnes,
Was a sensitivity/elasticity analysis conducted? If yes what was conclusion,no,,10.1111/evo.12952,2016,Kvalnes,
Any other conclusion?,yes,focus of paper was phenotypic selection,10.1111/evo.12952,2016,Kvalnes,
Pre or post breeding census,pre,,10.1111/evo.12952,2016,Kvalnes,
Life cycle correctly estimated?,yes,,10.1111/evo.12952,2016,Kvalnes,
What is error if one found?,NA,,10.1111/evo.12952,2016,Kvalnes,
What metric used for fecundity?,half number of calves produced in t that were alive at t+1,,10.1111/evo.12952,2016,Kvalnes,
Sample size,499,"genotyped individuals, 181 phenotyped juveniles",10.1111/evo.12952,2016,Kvalnes,
,,,,,,
Is there an MPM in original paper?,yes,,10.1093/plankt/fbv024,2015,Henschke,
Organism,zooplankton,thalia democratica,10.1093/plankt/fbv024,2015,Henschke,
Do they model an observation process for survival?,no,from literature,10.1093/plankt/fbv024,2015,Henschke,
Do they model an observation process for fecundity?,no,from literature,10.1093/plankt/fbv024,2015,Henschke,
Was uncertainty reported?,no,,10.1093/plankt/fbv024,2015,Henschke,
"If reported, was the uncertainty complete for all parameters?",NA,,10.1093/plankt/fbv024,2015,Henschke,
Was lambda estimated from matrix? If yes what conclusion,yes,1.32 a day,10.1093/plankt/fbv024,2015,Henschke,
Was a sensitivity/elasticity analysis conducted? If yes what was conclusion,yes,juvenile oozoids were most important,10.1093/plankt/fbv024,2015,Henschke,
Any other conclusion?,yes,further analyses on future of pop using size structured model,10.1093/plankt/fbv024,2015,Henschke,
Pre or post breeding census,can't tell,,10.1093/plankt/fbv024,2015,Henschke,
Life cycle correctly estimated?,can't tell,,10.1093/plankt/fbv024,2015,Henschke,
What is error if one found?,NA,,10.1093/plankt/fbv024,2015,Henschke,
What metric used for fecundity?,contribution of stages to female or post-release oozoids,,10.1093/plankt/fbv024,2015,Henschke,
Sample size,NA,from literature,10.1093/plankt/fbv024,2015,Henschke,
,,,,,,
Is there an MPM in original paper?,yes,,10.1371/journal.pone.0094700,2014,Rota,monthly time step
Organism,bird,black-backed woodpecker,10.1371/journal.pone.0094700,2014,Rota,
Do they model an observation process for survival?,yes,Bayesian multi-state mark-recapture model,10.1371/journal.pone.0094700,2014,Rota,
Do they model an observation process for fecundity?,no,nest survival as Bayesian nest survival model and young fledged as zero-truncated Poisson model,10.1371/journal.pone.0094700,2014,Rota,POISSON RECRUITMENT
Was uncertainty reported?,yes,credible intervals survival and recruitment,10.1371/journal.pone.0094700,2014,Rota,
"If reported, was the uncertainty complete for all parameters?",yes,,10.1371/journal.pone.0094700,2014,Rota,
Was lambda estimated from matrix? If yes what conclusion,yes,"2 year post wildfire was largely positive growth, but other habitats were largely negative",10.1371/journal.pone.0094700,2014,Rota,
Was a sensitivity/elasticity analysis conducted? If yes what was conclusion,no,,10.1371/journal.pone.0094700,2014,Rota,
Any other conclusion?,yes,life stage simulation analysis adult and juvenile survival most important,10.1371/journal.pone.0094700,2014,Rota,
Pre or post breeding census,pre,,10.1371/journal.pone.0094700,2014,Rota,
Life cycle correctly estimated?,yes,,10.1371/journal.pone.0094700,2014,Rota,
What is error if one found?,NA,,10.1371/journal.pone.0094700,2014,Rota,
What metric used for fecundity?,number of young fledged,actually number of chicks in nest at last visit,10.1371/journal.pone.0094700,2014,Rota,
Sample size,140,"adult woodpeckers, 95 nests for fledging success",10.1371/journal.pone.0094700,2014,Rota,
,,,,,,
Is there an MPM in original paper?,yes,,10.1371/journal.pone.0034379,2012,Hostetler,
Organism,mammal,ground-dwelling squirrel,10.1371/journal.pone.0034379,2012,Hostetler,
Do they model an observation process for survival?,no,can't tell,10.1371/journal.pone.0034379,2012,Hostetler,
Do they model an observation process for fecundity?,no,can't tell,10.1371/journal.pone.0034379,2012,Hostetler,
Was uncertainty reported?,yes,,10.1371/journal.pone.0034379,2012,Hostetler,
"If reported, was the uncertainty complete for all parameters?",yes,standard errors,10.1371/journal.pone.0034379,2012,Hostetler,
Was lambda estimated from matrix? If yes what conclusion,yes,population decline but confidence interval spans 0,10.1371/journal.pone.0034379,2012,Hostetler,
Was a sensitivity/elasticity analysis conducted? If yes what was conclusion,yes,survival of juveniles was most influential followed by 2 year old females. But varied year to year,10.1371/journal.pone.0034379,2012,Hostetler,
Any other conclusion?,yes,"stochastic model too, much greater variation here but same mean pattern",10.1371/journal.pone.0034379,2012,Hostetler,
Pre or post breeding census,post,,10.1371/journal.pone.0034379,2012,Hostetler,
Life cycle correctly estimated?,yes,,10.1371/journal.pone.0034379,2012,Hostetler,
What is error if one found?,NA,,10.1371/journal.pone.0034379,2012,Hostetler,
What metric used for fecundity?,litter size,then multiplied by survival and breeding probability,10.1371/journal.pone.0034379,2012,Hostetler,
Sample size,831,total captured,10.1371/journal.pone.0034379,2012,Hostetler,
,,,,,,
Is there an MPM in original paper?,yes,,10.1111/gcb.12289,2013,Fordham,RAMAS
Organism,gastropoda ,blacklip and greenlip abalone,10.1111/gcb.12289,2013,Fordham,has cryptic juvenile classes
Do they model an observation process for survival?,no,from literature,10.1111/gcb.12289,2013,Fordham,part of a bigger model so no specific uncertainties
Do they model an observation process for fecundity?,no,from literature,10.1111/gcb.12289,2013,Fordham,
Was uncertainty reported?,yes,"propagated with Latin hypercube sampling, ±10% for each vital rate",10.1111/gcb.12289,2013,Fordham,
"If reported, was the uncertainty complete for all parameters?",yes,,10.1111/gcb.12289,2013,Fordham,
Was lambda estimated from matrix? If yes what conclusion,no,,10.1111/gcb.12289,2013,Fordham,
Was a sensitivity/elasticity analysis conducted? If yes what was conclusion,yes,no specific results as not focus of study,10.1111/gcb.12289,2013,Fordham,
Any other conclusion?,yes,matrix was not main part - focussed on comparing ecological niche model and others,10.1111/gcb.12289,2013,Fordham,
Pre or post breeding census,pre,,10.1111/gcb.12289,2013,Fordham,
Life cycle correctly estimated?,yes,,10.1111/gcb.12289,2013,Fordham,
What is error if one found?,NA,size based so should maybe be IPM,10.1111/gcb.12289,2013,Fordham,
What metric used for fecundity?,number of recruits per adult,not clear what size this is or how it is calculated,10.1111/gcb.12289,2013,Fordham,
Sample size,NA,from literature,10.1111/gcb.12289,2013,Fordham,
,,,,,,
Is there an MPM in original paper?,yes,,10.1111/gcb.13014,2015,Riegl,
Organism,coral,"Acorpora downingi, Porites harrisoni, Dipsastrea pallida, Cyphastrea micropthalma",10.1111/gcb.13014,2015,Riegl,
Do they model an observation process for survival?,no,can't tell,10.1111/gcb.13014,2015,Riegl,
Do they model an observation process for fecundity?,no,"unknown so indirectly assessed via frequency of small corals, this is for fertility, also mention standard fecundity but not where it fits in MPM",10.1111/gcb.13014,2015,Riegl,
Was uncertainty reported?,no,,10.1111/gcb.13014,2015,Riegl,
"If reported, was the uncertainty complete for all parameters?",NA,,10.1111/gcb.13014,2015,Riegl,
Was lambda estimated from matrix? If yes what conclusion,yes,all less than 1,10.1111/gcb.13014,2015,Riegl,
Was a sensitivity/elasticity analysis conducted? If yes what was conclusion,yes,"species specific- Acropora downingi most important were SC1 and 2, Porites harrisoni sensitivity was SC1 and elasticity was SC1, SC2 and SC3, Dipsastrea pallida was SC1 and 2 for both, Platygyra daedalea was smallest SC, Cyphastrea microphthalma sensitivity declined from smallest to largest size and elasticity was highest for strong strinkage/growth",10.1111/gcb.13014,2015,Riegl,
Any other conclusion?,,,10.1111/gcb.13014,2015,Riegl,
Pre or post breeding census,can't tell,,10.1111/gcb.13014,2015,Riegl,
Life cycle correctly estimated?,can't tell,,10.1111/gcb.13014,2015,Riegl,
What is error if one found?,NA,,10.1111/gcb.13014,2015,Riegl,
What metric used for fecundity?,colonies of < 2cm diameter,,10.1111/gcb.13014,2015,Riegl,
Sample size,can't tell,only reported number of transects - 40 per year,10.1111/gcb.13014,2015,Riegl,
,,,,,,
Is there an MPM in original paper?,yes,,10.1655/HERPETOLOGICA-D-12-00038R2,2013,Pérez-Mendoza,
Organism,reptile,Sceloporus grammicus,10.1655/HERPETOLOGICA-D-12-00038R2,2013,Pérez-Mendoza,
Do they model an observation process for survival?,yes,multi-state capture-recapture model in MARK,10.1655/HERPETOLOGICA-D-12-00038R2,2013,Pérez-Mendoza,
Do they model an observation process for fecundity?,no,estimated from captured individuals kept in captivity,10.1655/HERPETOLOGICA-D-12-00038R2,2013,Pérez-Mendoza,
Was uncertainty reported?,yes,standard error for survival and transitions,10.1655/HERPETOLOGICA-D-12-00038R2,2013,Pérez-Mendoza,
"If reported, was the uncertainty complete for all parameters?",,uncertainty of lambda using parametric resampling for survival and raw data resampling for reproduction,10.1655/HERPETOLOGICA-D-12-00038R2,2013,Pérez-Mendoza,
Was lambda estimated from matrix? If yes what conclusion,yes,"2/8 populations decreasing, 1/8 increasing, 5/8 not clear direction",10.1655/HERPETOLOGICA-D-12-00038R2,2013,Pérez-Mendoza,
Was a sensitivity/elasticity analysis conducted? If yes what was conclusion,yes,large variation by population but most important was survival for juveniles and fecundity and survival of small adults,10.1655/HERPETOLOGICA-D-12-00038R2,2013,Pérez-Mendoza,
Any other conclusion?,yes,looked at environmental drivers,10.1655/HERPETOLOGICA-D-12-00038R2,2013,Pérez-Mendoza,
Pre or post breeding census,can't tell,,10.1655/HERPETOLOGICA-D-12-00038R2,2013,Pérez-Mendoza,
Life cycle correctly estimated?,can't tell,,10.1655/HERPETOLOGICA-D-12-00038R2,2013,Pérez-Mendoza,
What is error if one found?,NA,size based so maybe should be IPM,10.1655/HERPETOLOGICA-D-12-00038R2,2013,Pérez-Mendoza,
What metric used for fecundity?,mean litter size,,10.1655/HERPETOLOGICA-D-12-00038R2,2013,Pérez-Mendoza,
Sample size,1631,"total caught, recapture is lower",10.1655/HERPETOLOGICA-D-12-00038R2,2013,Pérez-Mendoza,
,,,,,,
Is there an MPM in original paper?,yes,but main aim is integrated population model,10.1111/ibi.12125,2014,Altwegg,
Organism,bird,peregrine falcon,10.1111/ibi.12125,2014,Altwegg,
Do they model an observation process for survival?,yes,multi-state mark recapture model,10.1111/ibi.12125,2014,Altwegg,Poisson model of count does not attempt to correct for count error but does allow for extra variability introduced by it
Do they model an observation process for fecundity?,no,Poisson model,10.1111/ibi.12125,2014,Altwegg,
Was uncertainty reported?,yes,credible intervals,10.1111/ibi.12125,2014,Altwegg,
"If reported, was the uncertainty complete for all parameters?",yes,,10.1111/ibi.12125,2014,Altwegg,
Was lambda estimated from matrix? If yes what conclusion,no,,10.1111/ibi.12125,2014,Altwegg,
Was a sensitivity/elasticity analysis conducted? If yes what was conclusion,no,,10.1111/ibi.12125,2014,Altwegg,
Any other conclusion?,yes,predicted population size (breeding pairs) with and without nest boxes,10.1111/ibi.12125,2014,Altwegg,
Pre or post breeding census,post,,10.1111/ibi.12125,2014,Altwegg,
Life cycle correctly estimated?,yes,,10.1111/ibi.12125,2014,Altwegg,
What is error if one found?,NA,,10.1111/ibi.12125,2014,Altwegg,
What metric used for fecundity?,number of fledglings ,,10.1111/ibi.12125,2014,Altwegg,
Sample size,612,total encounters,10.1111/ibi.12125,2014,Altwegg,
,,,,,,
Is there an MPM in original paper?,yes,,10.1093/jme/tjw021,2016,Hanly,
Organism,insect,treehole mosquito,10.1093/jme/tjw021,2016,Hanly,
Do they model an observation process for survival?,no,logistic regression,10.1093/jme/tjw021,2016,Hanly,
Do they model an observation process for fecundity?,no,varied from 1-52 to test specific scenario,10.1093/jme/tjw021,2016,Hanly,
Was uncertainty reported?,yes,"plotted CI for survival, not for fecundity",10.1093/jme/tjw021,2016,Hanly,
"If reported, was the uncertainty complete for all parameters?",no,"not for fecundity, only plotted for survival",10.1093/jme/tjw021,2016,Hanly,
Was lambda estimated from matrix? If yes what conclusion,yes,remained viable across a range of values of fecundity,10.1093/jme/tjw021,2016,Hanly,
Was a sensitivity/elasticity analysis conducted? If yes what was conclusion,yes,most influenced by changes in larval survival and growth to next stage,10.1093/jme/tjw021,2016,Hanly,
Any other conclusion?,yes,stochastic simulation showed marked decrease in production,10.1093/jme/tjw021,2016,Hanly,
Pre or post breeding census,constant reproduction,,10.1093/jme/tjw021,2016,Hanly,
Life cycle correctly estimated?,yes,,10.1093/jme/tjw021,2016,Hanly,
What is error if one found?,NA,,10.1093/jme/tjw021,2016,Hanly,
What metric used for fecundity?,number of eggs,,10.1093/jme/tjw021,2016,Hanly,
Sample size,4300,minimum larvae and pupae collected,10.1093/jme/tjw021,2016,Hanly,
,,,,,,
Is there an MPM in original paper?,yes,,10.1002/jwmg.628,2014,Chastant,program MARK
Organism,bird,double-crested cormorants,10.1002/jwmg.628,2014,Chastant,
Do they model an observation process for survival?,yes,Burnham join live-encount dead-recover model,10.1002/jwmg.628,2014,Chastant,PopTools
Do they model an observation process for fecundity?,no,est of fledglings per active nest,10.1002/jwmg.628,2014,Chastant,
Was uncertainty reported?,yes,for survival,10.1002/jwmg.628,2014,Chastant,
"If reported, was the uncertainty complete for all parameters?",no,reproduction missing,10.1002/jwmg.628,2014,Chastant,
Was lambda estimated from matrix? If yes what conclusion,yes,"around 1, stable for LOW but decreasing for ELO",10.1002/jwmg.628,2014,Chastant,
Was a sensitivity/elasticity analysis conducted? If yes what was conclusion,yes,adult survival was most influential,10.1002/jwmg.628,2014,Chastant,
Any other conclusion?,yes,breeding area fidelity differed by population,10.1002/jwmg.628,2014,Chastant,
Pre or post breeding census,post,,10.1002/jwmg.628,2014,Chastant,
Life cycle correctly estimated?,no,,10.1002/jwmg.628,2014,Chastant,
What is error if one found?,missing survival from fecundity measure,,10.1002/jwmg.628,2014,Chastant,
What metric used for fecundity?,number of fledglings,,10.1002/jwmg.628,2014,Chastant,
Sample size,9498,pre-fledged cormorants that were banded,10.1002/jwmg.628,2014,Chastant,
,,,,,,
Is there an MPM in original paper?,yes,,10.1111/j.1365-2656.2012.02029.x,2013,Radchuk,
Organism,insect,butterfly- Boloria eunomia,10.1111/j.1365-2656.2012.02029.x,2013,Radchuk,
Do they model an observation process for survival?,no,GLMM,10.1111/j.1365-2656.2012.02029.x,2013,Radchuk,all data from experiment
Do they model an observation process for fecundity?,no,GLM,10.1111/j.1365-2656.2012.02029.x,2013,Radchuk,
Was uncertainty reported?,yes,,10.1111/j.1365-2656.2012.02029.x,2013,Radchuk,
"If reported, was the uncertainty complete for all parameters?",no,for all survival metrics,10.1111/j.1365-2656.2012.02029.x,2013,Radchuk,
Was lambda estimated from matrix? If yes what conclusion,yes,"0.608 for baseline, lower than observed 0.97 so survivals underestimated due to manipulation",10.1111/j.1365-2656.2012.02029.x,2013,Radchuk,scaled rates estimated by the proportional difference between observed and estimated lambda
Was a sensitivity/elasticity analysis conducted? If yes what was conclusion,yes,overwintering larvae survival most influential,10.1111/j.1365-2656.2012.02029.x,2013,Radchuk,
Any other conclusion?,yes,"population decline under warming despite largely positive effects, this is because model most sensitive to overwintering larvae survival, the only vital rate negatively impacted by temperature rise",10.1111/j.1365-2656.2012.02029.x,2013,Radchuk,
Pre or post breeding census,periodic matrix,,10.1111/j.1365-2656.2012.02029.x,2013,Radchuk,
Life cycle correctly estimated?,yes,,10.1111/j.1365-2656.2012.02029.x,2013,Radchuk,
What is error if one found?,NA,,10.1111/j.1365-2656.2012.02029.x,2013,Radchuk,
What metric used for fecundity?,number of eggs,,10.1111/j.1365-2656.2012.02029.x,2013,Radchuk,
Sample size,1205,number of eggs in experiment 2,10.1111/j.1365-2656.2012.02029.x,2013,Radchuk,
,,,,,,
Is there an MPM in original paper?,yes,integrated population model,10.1111/1365-2656.12206,2014,Szostek,error bars not labelled on plot i.e. doesn't tell you what they are
Organism,bird,common terns,10.1111/1365-2656.12206,2014,Szostek,
Do they model an observation process for survival?,yes,multi-state capture-recapture model,10.1111/1365-2656.12206,2014,Szostek,
Do they model an observation process for fecundity?,no,Poisson regression,10.1111/1365-2656.12206,2014,Szostek,"report uncertainty as SD, presumably of the posterior"
Was uncertainty reported?,yes,,10.1111/1365-2656.12206,2014,Szostek,
"If reported, was the uncertainty complete for all parameters?",yes,,10.1111/1365-2656.12206,2014,Szostek,really badly written methods and results - equations with nothing defined until much later
Was lambda estimated from matrix? If yes what conclusion,no,,10.1111/1365-2656.12206,2014,Szostek,
Was a sensitivity/elasticity analysis conducted? If yes what was conclusion,no,,10.1111/1365-2656.12206,2014,Szostek,
Any other conclusion?,yes,variation in immigration rate strongly contrubuted to variation in colony growth,10.1111/1365-2656.12206,2014,Szostek,
Pre or post breeding census,pre,,10.1111/1365-2656.12206,2014,Szostek,
Life cycle correctly estimated?,yes,,10.1111/1365-2656.12206,2014,Szostek,
What is error if one found?,NA,,10.1111/1365-2656.12206,2014,Szostek,
What metric used for fecundity?,number of fledglings times juvenile survival,,10.1111/1365-2656.12206,2014,Szostek,
Sample size,3355,total capture histories,10.1111/1365-2656.12206,2014,Szostek,
,,,,,,
Is there an MPM in original paper?,yes,metapopulation model,10.1111/j.1365-2664.2012.02163.x,2012,Harris,linking demography and bioclimatic models
Organism,bird,cockatoo,10.1111/j.1365-2664.2012.02163.x,2012,Harris,RAMAS
Do they model an observation process for survival?,yes,mark-resight analysis - MARK,10.1111/j.1365-2664.2012.02163.x,2012,Harris,
Do they model an observation process for fecundity?,no,estimated number of fledglings,10.1111/j.1365-2664.2012.02163.x,2012,Harris,
Was uncertainty reported?,yes,SE of fecundity and survival,10.1111/j.1365-2664.2012.02163.x,2012,Harris,
"If reported, was the uncertainty complete for all parameters?",yes,,10.1111/j.1365-2664.2012.02163.x,2012,Harris,
Was lambda estimated from matrix? If yes what conclusion,yes,1.0345,10.1111/j.1365-2664.2012.02163.x,2012,Harris,
Was a sensitivity/elasticity analysis conducted? If yes what was conclusion,yes,latin hypercube sensitivity - adult survival was most important,10.1111/j.1365-2664.2012.02163.x,2012,Harris,
Any other conclusion?,yes,metapopulation results,10.1111/j.1365-2664.2012.02163.x,2012,Harris,
Pre or post breeding census,post,,10.1111/j.1365-2664.2012.02163.x,2012,Harris,
Life cycle correctly estimated?,yes,,10.1111/j.1365-2664.2012.02163.x,2012,Harris,
What is error if one found?,NA,,10.1111/j.1365-2664.2012.02163.x,2012,Harris,
What metric used for fecundity?,number of fledglings per female,,10.1111/j.1365-2664.2012.02163.x,2012,Harris,
Sample size,317,individuals with observations,10.1111/j.1365-2664.2012.02163.x,2012,Harris,
,,,,,,
Is there an MPM in original paper?,yes,,10.1111/1365-2664.12194,2014,Crawford,
Organism,reptile,diamond back terrapin,10.1111/1365-2664.12194,2014,Crawford,
Do they model an observation process for survival?,,from literature,10.1111/1365-2664.12194,2014,Crawford,
Do they model an observation process for fecundity?,,from literature,10.1111/1365-2664.12194,2014,Crawford,
Was uncertainty reported?,no,,10.1111/1365-2664.12194,2014,Crawford,
"If reported, was the uncertainty complete for all parameters?",NA,,10.1111/1365-2664.12194,2014,Crawford,
Was lambda estimated from matrix? If yes what conclusion,yes,declining,10.1111/1365-2664.12194,2014,Crawford,
Was a sensitivity/elasticity analysis conducted? If yes what was conclusion,yes,adult survival was most influential,10.1111/1365-2664.12194,2014,Crawford,
Any other conclusion?,yes,lambda remains under 1 as long as nest predation continues or gets worse,10.1111/1365-2664.12194,2014,Crawford,
Pre or post breeding census,can't tell,not mentioned explicitly,10.1111/1365-2664.12194,2014,Crawford,
Life cycle correctly estimated?,no,,10.1111/1365-2664.12194,2014,Crawford,
What is error if one found?,fecundity does not span a time step,missing either adult survival or survival to t+1 for hatchling,10.1111/1365-2664.12194,2014,Crawford,
What metric used for fecundity?,mean clutch size times mean clutch frequency times egg survival times proportion female,,10.1111/1365-2664.12194,2014,Crawford,
Sample size,NA,from literature,10.1111/1365-2664.12194,2014,Crawford,
,,,,,,
Is there an MPM in original paper?,yes,,10.3354/esr00657,2015,Whitehead,really important paper
Organism,mammal,sperm whale,10.3354/esr00657,2015,Whitehead,
Do they model an observation process for survival?,yes,likelihood mark-recapture analysis,10.3354/esr00657,2015,Whitehead,
Do they model an observation process for fecundity?,no,estimate proportion from data,10.3354/esr00657,2015,Whitehead,
Was uncertainty reported?,yes,"survival from model, rest from block bootstrap",10.3354/esr00657,2015,Whitehead,
"If reported, was the uncertainty complete for all parameters?",yes,,10.3354/esr00657,2015,Whitehead,
Was lambda estimated from matrix? If yes what conclusion,yes,population decline of 2.7% per year,10.3354/esr00657,2015,Whitehead,
Was a sensitivity/elasticity analysis conducted? If yes what was conclusion,yes,adult mortality is most influential,10.3354/esr00657,2015,Whitehead,
Any other conclusion?,yes,different methods do not agree on population trajectory ,10.3354/esr00657,2015,Whitehead,
Pre or post breeding census,can't tell,might be continuous breeding,10.3354/esr00657,2015,Whitehead,
Life cycle correctly estimated?,no,,10.3354/esr00657,2015,Whitehead,
What is error if one found?,should be some survival in fecundity,i.e. survival of calf to next t,10.3354/esr00657,2015,Whitehead,
What metric used for fecundity?,probability that a adult gives birth to a calf during the year,but inexplicitly includes perinatal mortality,10.3354/esr00657,2015,Whitehead,
Sample size,811,total number of adults identified,10.3354/esr00657,2015,Whitehead,
,,,,,,
Is there an MPM in original paper?,yes,,10.1080/02755947.2015.1111279,2016,Ng,popbio 
Organism,fish,lake trout,10.1080/02755947.2015.1111279,2016,Ng,
Do they model an observation process for survival?,yes,"Huggins close-population model, but survival of 0-2 ages were take from literature",10.1080/02755947.2015.1111279,2016,Ng,MARK
Do they model an observation process for fecundity?,no,eggs per female,10.1080/02755947.2015.1111279,2016,Ng,
Was uncertainty reported?,yes,parametric bootstrap,10.1080/02755947.2015.1111279,2016,Ng,
"If reported, was the uncertainty complete for all parameters?",yes,I think so,10.1080/02755947.2015.1111279,2016,Ng,
Was lambda estimated from matrix? If yes what conclusion,yes,1.01,10.1080/02755947.2015.1111279,2016,Ng,
Was a sensitivity/elasticity analysis conducted? If yes what was conclusion,yes,juvenile surivival was most influential ,10.1080/02755947.2015.1111279,2016,Ng,
Any other conclusion?,yes,"looked at different fishing regimes, had to be high to keep lambda below 1",10.1080/02755947.2015.1111279,2016,Ng,
Pre or post breeding census,pre,weekly sampling,10.1080/02755947.2015.1111279,2016,Ng,
Life cycle correctly estimated?,no,,10.1080/02755947.2015.1111279,2016,Ng,
What is error if one found?,seems to be eggs rather than recruits but not clear,,10.1080/02755947.2015.1111279,2016,Ng,
What metric used for fecundity?,eggs per female,,10.1080/02755947.2015.1111279,2016,Ng,
Sample size,4392,"fish caught, 2959 marked and released, 104 recaptured once",10.1080/02755947.2015.1111279,2016,Ng,
,,,,,,
Is there an MPM in original paper?,yes,,10.3354/meps10547,2014,New,
Organism,mammal ,elephant seal,10.3354/meps10547,2014,New,
Do they model an observation process for survival?,no,"adapted from literature, except pup survival",10.3354/meps10547,2014,New,
Do they model an observation process for fecundity?,no,adapted from literature,10.3354/meps10547,2014,New,
Was uncertainty reported?,yes,pup survival confidence interval,10.3354/meps10547,2014,New,
"If reported, was the uncertainty complete for all parameters?",no,missing for other survival estimates and fecundity,10.3354/meps10547,2014,New,
Was lambda estimated from matrix? If yes what conclusion,yes,,10.3354/meps10547,2014,New,
Was a sensitivity/elasticity analysis conducted? If yes what was conclusion,no,,10.3354/meps10547,2014,New,
Any other conclusion?,yes,"impact of different disturbance regimes on growth rate, decreases with disturbance",10.3354/meps10547,2014,New,
Pre or post breeding census,can't tell,think it is post,10.3354/meps10547,2014,New,
Life cycle correctly estimated?,can't tell,,10.3354/meps10547,2014,New,
What is error if one found?,NA,,10.3354/meps10547,2014,New,
What metric used for fecundity?,can't tell,"not clearly reported, presumably number of pups per female",10.3354/meps10547,2014,New,
Sample size,23,number of females fitted with telemetry device,10.3354/meps10547,2014,New,
,,,,,,
Is there an MPM in original paper?,yes,,10.3354/meps10377,2013,Jiménez-Melero,
Organism,copepod,Arctodiaptomus salinus,10.3354/meps10377,2013,Jiménez-Melero,
Do they model an observation process for survival?,no,"inverse method of estimation, Wood's quadratic programming method",10.3354/meps10377,2013,Jiménez-Melero,estimated vital rates from abundance data using matrix
Do they model an observation process for fecundity?,no,"inverse method of estimation, Wood's quadratic programming method",10.3354/meps10377,2013,Jiménez-Melero,
Was uncertainty reported?,no,can't see it but was reported for other models in paper,10.3354/meps10377,2013,Jiménez-Melero,
"If reported, was the uncertainty complete for all parameters?",NA,,10.3354/meps10377,2013,Jiménez-Melero,
Was lambda estimated from matrix? If yes what conclusion,no,,10.3354/meps10377,2013,Jiménez-Melero,
Was a sensitivity/elasticity analysis conducted? If yes what was conclusion,no,,10.3354/meps10377,2013,Jiménez-Melero,
Any other conclusion?,yes,compared inverse matrix estimation to another method - they differed,10.3354/meps10377,2013,Jiménez-Melero,
Pre or post breeding census,pre,but time step not a year,10.3354/meps10377,2013,Jiménez-Melero,
Life cycle correctly estimated?,yes,,10.3354/meps10377,2013,Jiménez-Melero,
What is error if one found?,NA,,10.3354/meps10377,2013,Jiménez-Melero,
What metric used for fecundity?,nauplii recruitment,includes hatching success and larval mortality,10.3354/meps10377,2013,Jiménez-Melero,
Sample size,can't tell,not reported,10.3354/meps10377,2013,Jiménez-Melero,
,,,,,,
Is there an MPM in original paper?,yes,use over 1000 matrices,10.1007/s10144-018-0620-y,2018,Nicol-Harper,
Organism,mammal,humans,10.1007/s10144-018-0620-y,2018,Nicol-Harper,
Do they model an observation process for survival?,no,estimated from data,10.1007/s10144-018-0620-y,2018,Nicol-Harper,bit suspect that some survival estimates became negative
Do they model an observation process for fecundity?,no,estimated from data,10.1007/s10144-018-0620-y,2018,Nicol-Harper,
Was uncertainty reported?,no,,10.1007/s10144-018-0620-y,2018,Nicol-Harper,
"If reported, was the uncertainty complete for all parameters?",NA,,10.1007/s10144-018-0620-y,2018,Nicol-Harper,
Was lambda estimated from matrix? If yes what conclusion,yes,hovers around 1 but decreases towards end of time series,10.1007/s10144-018-0620-y,2018,Nicol-Harper,
Was a sensitivity/elasticity analysis conducted? If yes what was conclusion,no,,10.1007/s10144-018-0620-y,2018,Nicol-Harper,
Any other conclusion?,yes,transient dynamics,10.1007/s10144-018-0620-y,2018,Nicol-Harper,
Pre or post breeding census,birth flow,,10.1007/s10144-018-0620-y,2018,Nicol-Harper,
Life cycle correctly estimated?,yes,not super clear,10.1007/s10144-018-0620-y,2018,Nicol-Harper,
What is error if one found?,NA,,10.1007/s10144-018-0620-y,2018,Nicol-Harper,
What metric used for fecundity?,5 times births divided by female population size times maternal and infant survival,,10.1007/s10144-018-0620-y,2018,Nicol-Harper,
Sample size,55,"max years of data, mean 28, min 3",10.1007/s10144-018-0620-y,2018,Nicol-Harper,
,,,,,,
Is there an MPM in original paper?,yes,,10.1111/j.1600-0706.2011.19436.x,2011,Hebblewhite,
Organism,mammal,elk,10.1111/j.1600-0706.2011.19436.x,2011,Hebblewhite,
Do they model an observation process for survival?,no,"non-parametric Kaplan-Meier survival analysis adults, calves known fate approach in program MARK",10.1111/j.1600-0706.2011.19436.x,2011,Hebblewhite,
Do they model an observation process for fecundity?,no,logistic regression,10.1111/j.1600-0706.2011.19436.x,2011,Hebblewhite,
Was uncertainty reported?,yes,and propagated through simulation,10.1111/j.1600-0706.2011.19436.x,2011,Hebblewhite,
"If reported, was the uncertainty complete for all parameters?",yes,,10.1111/j.1600-0706.2011.19436.x,2011,Hebblewhite,
Was lambda estimated from matrix? If yes what conclusion,yes,stochastic growth rate migrant 0.866 and resident 0.897,10.1111/j.1600-0706.2011.19436.x,2011,Hebblewhite,
Was a sensitivity/elasticity analysis conducted? If yes what was conclusion,no,,10.1111/j.1600-0706.2011.19436.x,2011,Hebblewhite,
Any other conclusion?,yes,causes of mortality,10.1111/j.1600-0706.2011.19436.x,2011,Hebblewhite,
Pre or post breeding census,pre,,10.1111/j.1600-0706.2011.19436.x,2011,Hebblewhite,
Life cycle correctly estimated?,yes,,10.1111/j.1600-0706.2011.19436.x,2011,Hebblewhite,
What is error if one found?,NA,,10.1111/j.1600-0706.2011.19436.x,2011,Hebblewhite,
What metric used for fecundity?,fecundity (pregnancy) and calf survival,,10.1111/j.1600-0706.2011.19436.x,2011,Hebblewhite,
Sample size,352,"total captured: 150pregnant females, 132 for adult female survival, 79 calves for calf survival",10.1111/j.1600-0706.2011.19436.x,2011,Hebblewhite,
,,,,,,
Is there an MPM in original paper?,yes,,10.7717/peerj.549,2014,Beissinger,very data poor species
Organism,fish,Devils Hole pupfish,10.7717/peerj.549,2014,Beissinger,
Do they model an observation process for survival?,no,range from expert opinion/literature,10.7717/peerj.549,2014,Beissinger,
Do they model an observation process for fecundity?,no,range from expert opinion/literature,10.7717/peerj.549,2014,Beissinger,
Was uncertainty reported?,yes,it was for other metrics but not matrix parameters or matrix output but yes for reproductive value but did have range of values,10.7717/peerj.549,2014,Beissinger,
"If reported, was the uncertainty complete for all parameters?",yes,"did explore parameter space, not sure could have done more",10.7717/peerj.549,2014,Beissinger,
Was lambda estimated from matrix? If yes what conclusion,no,,10.7717/peerj.549,2014,Beissinger,
Was a sensitivity/elasticity analysis conducted? If yes what was conclusion,yes,adults had the greatest influence,10.7717/peerj.549,2014,Beissinger,
Any other conclusion?,yes,higher population size increases time to extinction,10.7717/peerj.549,2014,Beissinger,
Pre or post breeding census,post,7 day time step,10.7717/peerj.549,2014,Beissinger,
Life cycle correctly estimated?,yes,,10.7717/peerj.549,2014,Beissinger,
What is error if one found?,NA,,10.7717/peerj.549,2014,Beissinger,
What metric used for fecundity?,number of eggs,,10.7717/peerj.549,2014,Beissinger,
Sample size,NA,random sample of parameters from expert opinion,10.7717/peerj.549,2014,Beissinger,
,,,,,,
Is there an MPM in original paper?,yes,,10.1007/s10144-012-0306-9,2012,Kerbiriou,DON'T LABEL WHAT THE ± IS!!!!!
Organism,bird,northern fulmar,10.1007/s10144-012-0306-9,2012,Kerbiriou,
Do they model an observation process for survival?,maybe,from literature but I think from capture-recapture models,10.1007/s10144-012-0306-9,2012,Kerbiriou,
Do they model an observation process for fecundity?,no,from literature,10.1007/s10144-012-0306-9,2012,Kerbiriou,
Was uncertainty reported?,yes,some between model uncertainty,10.1007/s10144-012-0306-9,2012,Kerbiriou,
"If reported, was the uncertainty complete for all parameters?",no,none for survival but a range for reproductive success and breeding probability,10.1007/s10144-012-0306-9,2012,Kerbiriou,
Was lambda estimated from matrix? If yes what conclusion,yes,0.96 to 1.07 with literature estimates but 0.84 with data,10.1007/s10144-012-0306-9,2012,Kerbiriou,estimated decrease is not consistent with actual observed dynamics
Was a sensitivity/elasticity analysis conducted? If yes what was conclusion,yes,highest elasticity was breeding probability but reproduction had greater variation so was more important,10.1007/s10144-012-0306-9,2012,Kerbiriou,
Any other conclusion?,yes,compared to a robust design spatial occupancy model,10.1007/s10144-012-0306-9,2012,Kerbiriou,
Pre or post breeding census,can't tell,doesn't say,10.1007/s10144-012-0306-9,2012,Kerbiriou,
Life cycle correctly estimated?,yes,survival included in fecundity,10.1007/s10144-012-0306-9,2012,Kerbiriou,
What is error if one found?,NA,,10.1007/s10144-012-0306-9,2012,Kerbiriou,
What metric used for fecundity?,number of chicks apparently fledging divided by number of apparently occupied sites,,10.1007/s10144-012-0306-9,2012,Kerbiriou,
Sample size,NA,from literature,10.1007/s10144-012-0306-9,2012,Kerbiriou,
,,,,,,
Is there an MPM in original paper?,yes,,10.1007/s10144-015-0499-9,2015,Strauss,
Organism,mammal,giraffe,10.1007/s10144-015-0499-9,2015,Strauss,
Do they model an observation process for survival?,yes,robust design model in program MARK,10.1007/s10144-015-0499-9,2015,Strauss,two additional populations with literature estimates
Do they model an observation process for fecundity?,no,estimated from observations,10.1007/s10144-015-0499-9,2015,Strauss,
Was uncertainty reported?,yes,some on survival estimates but not clear if these go into matrix,10.1007/s10144-015-0499-9,2015,Strauss,
"If reported, was the uncertainty complete for all parameters?",no,missing recruitment,10.1007/s10144-015-0499-9,2015,Strauss,
Was lambda estimated from matrix? If yes what conclusion,yes,ranges from 0.92 to 1.03 across all populations,10.1007/s10144-015-0499-9,2015,Strauss,
Was a sensitivity/elasticity analysis conducted? If yes what was conclusion,yes,adult survival had greatest influence,10.1007/s10144-015-0499-9,2015,Strauss,
Any other conclusion?,yes,would need increase of up to 11% of adult female survival to get positive growth,10.1007/s10144-015-0499-9,2015,Strauss,
Pre or post breeding census,post,,10.1007/s10144-015-0499-9,2015,Strauss,
Life cycle correctly estimated?,yes,included survival of female in fertility,10.1007/s10144-015-0499-9,2015,Strauss,
What is error if one found?,NA,,10.1007/s10144-015-0499-9,2015,Strauss,
What metric used for fecundity?,number of calves observed per 100 adult females per field season,,10.1007/s10144-015-0499-9,2015,Strauss,
Sample size,917,total identified individuals across three sites,10.1007/s10144-015-0499-9,2015,Strauss,
,,,,,,
Is there an MPM in original paper?,yes,,10.1007/s10144-016-0562-1,2016,Grear,
Organism,crustacea,Americamysis bahia,10.1007/s10144-016-0562-1,2016,Grear,
Do they model an observation process for survival?,no,logit linear function and logistic regression,10.1007/s10144-016-0562-1,2016,Grear,
Do they model an observation process for fecundity?,no,linear function and some LMM,10.1007/s10144-016-0562-1,2016,Grear,
Was uncertainty reported?,yes,multiple matrices,10.1007/s10144-016-0562-1,2016,Grear,
"If reported, was the uncertainty complete for all parameters?",no,can't see any reported for parameters,10.1007/s10144-016-0562-1,2016,Grear,
Was lambda estimated from matrix? If yes what conclusion,yes,"differed between ambient and CO2, 2%",10.1007/s10144-016-0562-1,2016,Grear,
Was a sensitivity/elasticity analysis conducted? If yes what was conclusion,yes,life table response experiment - mixed results,10.1007/s10144-016-0562-1,2016,Grear,
Any other conclusion?,yes,CO2 experiment reduced neonate abundance,10.1007/s10144-016-0562-1,2016,Grear,
Pre or post breeding census,pre,I think,10.1007/s10144-016-0562-1,2016,Grear,
Life cycle correctly estimated?,can't tell,doesn't mention survival in fecundity part,10.1007/s10144-016-0562-1,2016,Grear,
What is error if one found?,can't tell,,10.1007/s10144-016-0562-1,2016,Grear,
What metric used for fecundity?,production of neonates,,10.1007/s10144-016-0562-1,2016,Grear,
Sample size,can't tell,not reported,10.1007/s10144-016-0562-1,2016,Grear,
,,,,,,
Is there an MPM in original paper?,yes,,10.1111/rec.12409,2016,Wang,
Organism,bird,crested ibis,10.1111/rec.12409,2016,Wang,
Do they model an observation process for survival?,yes,joint live and dead model in program MARK,10.1111/rec.12409,2016,Wang,
Do they model an observation process for fecundity?,no,mean,10.1111/rec.12409,2016,Wang,
Was uncertainty reported?,yes,confidence intervals for survival,10.1111/rec.12409,2016,Wang,
"If reported, was the uncertainty complete for all parameters?",yes,,10.1111/rec.12409,2016,Wang,
Was lambda estimated from matrix? If yes what conclusion,yes,over 1 (1.084) ,10.1111/rec.12409,2016,Wang,
Was a sensitivity/elasticity analysis conducted? If yes what was conclusion,yes,adult survival was most influential,10.1111/rec.12409,2016,Wang,
Any other conclusion?,yes,also did stochastic simulation,10.1111/rec.12409,2016,Wang,
Pre or post breeding census,pre,,10.1111/rec.12409,2016,Wang,
Life cycle correctly estimated?,no,missing survival from fledge to yearling,10.1111/rec.12409,2016,Wang,
What is error if one found?,NA,,10.1111/rec.12409,2016,Wang,
What metric used for fecundity?,average number of fledglings,breeding success = number of fledglings divided by clutch size,10.1111/rec.12409,2016,Wang,
Sample size,133,released and wild-born,10.1111/rec.12409,2016,Wang,
,,,,,,
Is there an MPM in original paper?,yes,,10.1111/risa.12988,2018,Boveng,
Organism,mammal,harbour seal,10.1111/risa.12988,2018,Boveng,
Do they model an observation process for survival?,yes,mcmc hierarchical model,10.1111/risa.12988,2018,Boveng,
Do they model an observation process for fecundity?,yes,mcmc hierarchical model,10.1111/risa.12988,2018,Boveng,
Was uncertainty reported?,yes,plotted posterior distributions,10.1111/risa.12988,2018,Boveng,
"If reported, was the uncertainty complete for all parameters?",yes,,10.1111/risa.12988,2018,Boveng,
Was lambda estimated from matrix? If yes what conclusion,yes,positive growth,10.1111/risa.12988,2018,Boveng,
Was a sensitivity/elasticity analysis conducted? If yes what was conclusion,no,,10.1111/risa.12988,2018,Boveng,
Any other conclusion?,yes,test different priors,10.1111/risa.12988,2018,Boveng,
Pre or post breeding census,pre,,10.1111/risa.12988,2018,Boveng,
Life cycle correctly estimated?,yes,,10.1111/risa.12988,2018,Boveng,
What is error if one found?,NA,,10.1111/risa.12988,2018,Boveng,
What metric used for fecundity?,recruitment,,10.1111/risa.12988,2018,Boveng,
Sample size,can't tell,not reported,10.1111/risa.12988,2018,Boveng,
,,,,,,
Is there an MPM in original paper?,yes,,10.1007/s00338-015-1341-8,2015,Mercado-Molina,
Organism,coral,Acropora cervicornis,10.1007/s00338-015-1341-8,2015,Mercado-Molina,
Do they model an observation process for survival?,no,transition frequency tables,10.1007/s00338-015-1341-8,2015,Mercado-Molina,
Do they model an observation process for fecundity?,no,transition frequency tables,10.1007/s00338-015-1341-8,2015,Mercado-Molina,
Was uncertainty reported?,yes,bootstrapped CI for lambda,10.1007/s00338-015-1341-8,2015,Mercado-Molina,
"If reported, was the uncertainty complete for all parameters?",no,not for parameters just lambda,10.1007/s00338-015-1341-8,2015,Mercado-Molina,
Was lambda estimated from matrix? If yes what conclusion,yes,below one with dramatic decline,10.1007/s00338-015-1341-8,2015,Mercado-Molina,
Was a sensitivity/elasticity analysis conducted? If yes what was conclusion,yes,LTRE for actual years of data - reduction in stasis of large-sized colonies was most important,10.1007/s00338-015-1341-8,2015,Mercado-Molina,
Any other conclusion?,yes,growth rates also differed between locations,10.1007/s00338-015-1341-8,2015,Mercado-Molina,
Pre or post breeding census,pre,,10.1007/s00338-015-1341-8,2015,Mercado-Molina,
Life cycle correctly estimated?,yes,,10.1007/s00338-015-1341-8,2015,Mercado-Molina,
What is error if one found?,NA,size based so maybe could be IPM,10.1007/s00338-015-1341-8,2015,Mercado-Molina,
What metric used for fecundity?,probability of producing a fragment and it surviving to one year,,10.1007/s00338-015-1341-8,2015,Mercado-Molina,
Sample size,300,total coral colonies,10.1007/s00338-015-1341-8,2015,Mercado-Molina,
,,,,,,
Is there an MPM in original paper?,yes,,10.1007/s00442-011-1931-2,2011,Grey,very little uncertainty presented and some only plotted
Organism,chordata,Botrylloides violaceus,10.1007/s00442-011-1931-2,2011,Grey,did report F and P values for ancova but cannot get SE for actual matrix elements
Do they model an observation process for survival?,no,logistic regression - experimental,10.1007/s00442-011-1931-2,2011,Grey,
Do they model an observation process for fecundity?,no,ANCOVA - experimental,10.1007/s00442-011-1931-2,2011,Grey,
Was uncertainty reported?,yes,bootstrapped confidence interval for lambda,10.1007/s00442-011-1931-2,2011,Grey,
"If reported, was the uncertainty complete for all parameters?",no,missing for all parameters but included for lambda,10.1007/s00442-011-1931-2,2011,Grey,
Was lambda estimated from matrix? If yes what conclusion,yes,"differed by site, Lopez and Wayne were positive but Makah and Pleasant CIs spanned 0",10.1007/s00442-011-1931-2,2011,Grey,
Was a sensitivity/elasticity analysis conducted? If yes what was conclusion,yes,LTRE - between site differences were larger than between contact treatment and winter recruit survival and growth to medium size was most influential,10.1007/s00442-011-1931-2,2011,Grey,
Any other conclusion?,no,,10.1007/s00442-011-1931-2,2011,Grey,
Pre or post breeding census,periodic,,10.1007/s00442-011-1931-2,2011,Grey,
Life cycle correctly estimated?,yes,did include laraval survival in fecundity,10.1007/s00442-011-1931-2,2011,Grey,
What is error if one found?,NA,size based so could be IPM?,10.1007/s00442-011-1931-2,2011,Grey,
What metric used for fecundity?,number of larvae time survival,,10.1007/s00442-011-1931-2,2011,Grey,
Sample size,>3000,"total colony transitions observed, 6-9 colonies per site for fecundity",10.1007/s00442-011-1931-2,2011,Grey,
,,,,,,
Is there an MPM in original paper?,yes,integrated population model,10.1007/s00442-011-2070-5,2012,Schaub,
Organism,birds,hoopoe and wryneck,10.1007/s00442-011-2070-5,2012,Schaub,
Do they model an observation process for survival?,yes,CJS,10.1007/s00442-011-2070-5,2012,Schaub,
Do they model an observation process for fecundity?,no,Poisson likelihood - parameter = product of fecundity and number of breeding females,10.1007/s00442-011-2070-5,2012,Schaub,
Was uncertainty reported?,yes,,10.1007/s00442-011-2070-5,2012,Schaub,
"If reported, was the uncertainty complete for all parameters?",yes,,10.1007/s00442-011-2070-5,2012,Schaub,
Was lambda estimated from matrix? If yes what conclusion,yes,positive for hoopoe but close to 1 for wrynecks,10.1007/s00442-011-2070-5,2012,Schaub,
Was a sensitivity/elasticity analysis conducted? If yes what was conclusion,no,but looked at correlation of posterior est of demography on growth and found positive association between juvenile survival and growth,10.1007/s00442-011-2070-5,2012,Schaub,
Any other conclusion?,no,,10.1007/s00442-011-2070-5,2012,Schaub,
Pre or post breeding census,pre,,10.1007/s00442-011-2070-5,2012,Schaub,
Life cycle correctly estimated?,yes,,10.1007/s00442-011-2070-5,2012,Schaub,
What is error if one found?,NA,,10.1007/s00442-011-2070-5,2012,Schaub,
What metric used for fecundity?,total fledglings per year,two broods,10.1007/s00442-011-2070-5,2012,Schaub,
Sample size,4124,"number of marked hoopoe, 1970 marker wrynecks",10.1007/s00442-011-2070-5,2012,Schaub,
,,,,,,
Is there an MPM in original paper?,yes,,10.1007/s10336-011-0758-2,2012,Duckworth,
Organism,bird,Hadeda ibis,10.1007/s10336-011-0758-2,2012,Duckworth,
Do they model an observation process for survival?,yes,capture-mark-recapture model in program MARK,10.1007/s10336-011-0758-2,2012,Duckworth,
Do they model an observation process for fecundity?,no,Poisson GLMM (did try multiple),10.1007/s10336-011-0758-2,2012,Duckworth,
Was uncertainty reported?,yes,"SE survival, bootstrapped lambda",10.1007/s10336-011-0758-2,2012,Duckworth,
"If reported, was the uncertainty complete for all parameters?",yes,,10.1007/s10336-011-0758-2,2012,Duckworth,
Was lambda estimated from matrix? If yes what conclusion,yes,confidence interval spanned 0 so stable,10.1007/s10336-011-0758-2,2012,Duckworth,
Was a sensitivity/elasticity analysis conducted? If yes what was conclusion,yes,adult survival was most influential,10.1007/s10336-011-0758-2,2012,Duckworth,
Any other conclusion?,yes,population shrinking in this study but not in reality,10.1007/s10336-011-0758-2,2012,Duckworth,
Pre or post breeding census,pre,,10.1007/s10336-011-0758-2,2012,Duckworth,
Life cycle correctly estimated?,yes,,10.1007/s10336-011-0758-2,2012,Duckworth,
What is error if one found?,NA,,10.1007/s10336-011-0758-2,2012,Duckworth,
What metric used for fecundity?,number of fledglings per year,,10.1007/s10336-011-0758-2,2012,Duckworth,
Sample size,1110,"total resightings, 237 nestlings ringed, 404 broods",10.1007/s10336-011-0758-2,2012,Duckworth,
,,,,,,
Is there an MPM in original paper?,yes,,10.1007/s11252-016-0566-9,2016,Makenov,
Organism,mammal,domestic dog,10.1007/s11252-016-0566-9,2016,Makenov,
Do they model an observation process for survival?,no,ratio of individuals in age class x to individuals in first ages class x1,10.1007/s11252-016-0566-9,2016,Makenov,
Do they model an observation process for fecundity?,no,number of pups in 2013,10.1007/s11252-016-0566-9,2016,Makenov,
Was uncertainty reported?,no,"SE for mean litter size, but not for matrix parameters",10.1007/s11252-016-0566-9,2016,Makenov,
"If reported, was the uncertainty complete for all parameters?",NA,,10.1007/s11252-016-0566-9,2016,Makenov,
Was lambda estimated from matrix? If yes what conclusion,yes,1.01,10.1007/s11252-016-0566-9,2016,Makenov,
Was a sensitivity/elasticity analysis conducted? If yes what was conclusion,yes,first 3 age classes are most influential,10.1007/s11252-016-0566-9,2016,Makenov,popdemo R package
Any other conclusion?,yes,migration from domestic to stray is proportionally low but high in absolute numbers,10.1007/s11252-016-0566-9,2016,Makenov,
Pre or post breeding census,can't tell,not reported and no life cycle diagram,10.1007/s11252-016-0566-9,2016,Makenov,
Life cycle correctly estimated?,can't tell,,10.1007/s11252-016-0566-9,2016,Makenov,
What is error if one found?,can't tell,,10.1007/s11252-016-0566-9,2016,Makenov,
What metric used for fecundity?,number of pups in 2013,,10.1007/s11252-016-0566-9,2016,Makenov,
Sample size,253,total females in leslie matrix,10.1007/s11252-016-0566-9,2016,Makenov,
,,,,,,
Is there an MPM in original paper?,yes,,10.1038/s41467-018-03506-3,2018,VandeWalle,
Organism,mammal,brown bear,10.1038/s41467-018-03506-3,2018,VandeWalle,
Do they model an observation process for survival?,no,binomial GLMM,10.1038/s41467-018-03506-3,2018,VandeWalle,
Do they model an observation process for fecundity?,no,negative binomial GLMM,10.1038/s41467-018-03506-3,2018,VandeWalle,popbio
Was uncertainty reported?,yes,bootstrapping,10.1038/s41467-018-03506-3,2018,VandeWalle,
"If reported, was the uncertainty complete for all parameters?",yes,,10.1038/s41467-018-03506-3,2018,VandeWalle,
Was lambda estimated from matrix? If yes what conclusion,yes,both tactics had similar lambda 1.05-1.14 and 1.05-1.15,10.1038/s41467-018-03506-3,2018,VandeWalle,
Was a sensitivity/elasticity analysis conducted? If yes what was conclusion,no,could not see it reported,10.1038/s41467-018-03506-3,2018,VandeWalle,
Any other conclusion?,yes,compared maternal care tactics,10.1038/s41467-018-03506-3,2018,VandeWalle,
Pre or post breeding census,post,,10.1038/s41467-018-03506-3,2018,VandeWalle,
Life cycle correctly estimated?,yes,,10.1038/s41467-018-03506-3,2018,VandeWalle,
What is error if one found?,NA,,10.1038/s41467-018-03506-3,2018,VandeWalle,
What metric used for fecundity?,number of yearling daughters,includes female survival too,10.1038/s41467-018-03506-3,2018,VandeWalle,
Sample size,614,female bear-years (not individuals),10.1038/s41467-018-03506-3,2018,VandeWalle,
,,,,,,
Is there an MPM in original paper?,yes,,10.1007/s10336-011-0745-7,2012,Szostek,program MARK
Organism,bird,common tern,10.1007/s10336-011-0745-7,2012,Szostek,urge caution for results
Do they model an observation process for survival?,yes,multi-state capture-recapture model in program MARK,10.1007/s10336-011-0745-7,2012,Szostek,
Do they model an observation process for fecundity?,no,mean fledglings - assume very high detection rate,10.1007/s10336-011-0745-7,2012,Szostek,
Was uncertainty reported?,yes,standard errors,10.1007/s10336-011-0745-7,2012,Szostek,
"If reported, was the uncertainty complete for all parameters?",yes,,10.1007/s10336-011-0745-7,2012,Szostek,
Was lambda estimated from matrix? If yes what conclusion,yes,increasing lambda from 1992 to 2001 and then declining from 2002 to 2009,10.1007/s10336-011-0745-7,2012,Szostek,
Was a sensitivity/elasticity analysis conducted? If yes what was conclusion,no,,10.1007/s10336-011-0745-7,2012,Szostek,
Any other conclusion?,yes,lower saxony population had bigger decline but increases in breeding success could level it out,10.1007/s10336-011-0745-7,2012,Szostek,
Pre or post breeding census,post,,10.1007/s10336-011-0745-7,2012,Szostek,
Life cycle correctly estimated?,yes,,10.1007/s10336-011-0745-7,2012,Szostek,
What is error if one found?,NA,,10.1007/s10336-011-0745-7,2012,Szostek,
What metric used for fecundity?,number of fledglings,,10.1007/s10336-011-0745-7,2012,Szostek,
Sample size,3720,fledglings with transponders ,10.1007/s10336-011-0745-7,2012,Szostek,
,,,,,,
Is there an MPM in original paper?,yes,,10.2981/13-021,2013,Suzuki,
Organism,bird,rock ptarmigan,10.2981/13-021,2013,Suzuki,
Do they model an observation process for survival?,yes,mark-recapture analysis in program MARK,10.2981/13-021,2013,Suzuki,
Do they model an observation process for fecundity?,no,estimated from data,10.2981/13-021,2013,Suzuki,
Was uncertainty reported?,yes,,10.2981/13-021,2013,Suzuki,
"If reported, was the uncertainty complete for all parameters?",yes,and propagated,10.2981/13-021,2013,Suzuki,
Was lambda estimated from matrix? If yes what conclusion,yes,stable but confidence intervals span zero so decreasing is also a possibility,10.2981/13-021,2013,Suzuki,
Was a sensitivity/elasticity analysis conducted? If yes what was conclusion,yes,fertility and survival for age class 1 had biggest influence,10.2981/13-021,2013,Suzuki,
Any other conclusion?,yes,compared to individual based stochastic model,10.2981/13-021,2013,Suzuki,
Pre or post breeding census,pre,"assumed, not reported",10.2981/13-021,2013,Suzuki,
Life cycle correctly estimated?,yes,,10.2981/13-021,2013,Suzuki,
What is error if one found?,NA,,10.2981/13-021,2013,Suzuki,
What metric used for fecundity?,recruits,,10.2981/13-021,2013,Suzuki,
Sample size,259,"total for hatchability, 59 for clutch size, 57 for daily survival",10.2981/13-021,2013,Suzuki,
,,,,,,
Is there an MPM in original paper?,yes,,10.1002/wmon.1012,2014,Howerter,split sampling from process variation
Organism,bird,mallard,10.1002/wmon.1012,2014,Howerter,used PopTools
Do they model an observation process for survival?,no,likelihood based glm,10.1002/wmon.1012,2014,Howerter,
Do they model an observation process for fecundity?,no,likelihood based regression,10.1002/wmon.1012,2014,Howerter,
Was uncertainty reported?,yes,simulated process variation influence on lambda,10.1002/wmon.1012,2014,Howerter,
"If reported, was the uncertainty complete for all parameters?",no,lots of uncertainty reported but not for the actual matrix elements but did include process variation,10.1002/wmon.1012,2014,Howerter,
Was lambda estimated from matrix? If yes what conclusion,yes,declining,10.1002/wmon.1012,2014,Howerter,
Was a sensitivity/elasticity analysis conducted? If yes what was conclusion,yes,most influential were most sensitive to nest survival and then to other vital rates for birds older than 2 years,10.1002/wmon.1012,2014,Howerter,shows how sensitivities change as matrix components change
Any other conclusion?,yes,sensitivity to nest survival decreases if nest survival increases,10.1002/wmon.1012,2014,Howerter,
Pre or post breeding census,pre,,10.1002/wmon.1012,2014,Howerter,
Life cycle correctly estimated?,yes,,10.1002/wmon.1012,2014,Howerter,
What is error if one found?,not sure,not sure why full year female survival is in the recruitment term,10.1002/wmon.1012,2014,Howerter,
What metric used for fecundity?,recruitment,,10.1002/wmon.1012,2014,Howerter,
Sample size,3214,radio-marked female mallards,10.1002/wmon.1012,2014,Howerter,